Creation_Date;Index_Symbol;Index_Name;Index ISIN;Internal_Key;ISIN;RIC;Instrument_Name;Country;Currency;Exchange;Index Membership;Rank (FINAL);Rank (PREVIOUS);Comment;Rank 2 (FINAL);Rank 2 (PREVIOUS)
20260901;SXXP;STOXX Europe 600;EU0009658202;546078;;ASML.AS;ASML HLDG;NL;EUR;Euronext Amsterdam;;1;1;;;
20260901;SXXP;STOXX Europe 600;EU0009658202;040054;;HSBA.L;HSBC;GB;GBP;London SE;;2;2;;;
20260901;SXXP;STOXX Europe 600;EU0009658202;474577;;ROPC.S;ROCHE PS;CH;CHF;Six Swiss Exchange;;3;3;;;
20260901;SXXP;STOXX Europe 600;EU0009658202;477408;;NOVN.S;NOVARTIS;CH;CHF;Six Swiss Exchange;;4;4;;;
20260901;SXXP;STOXX Europe 600;EU0009658202;B09CBL;;SHEL.AS;SHELL;GB;EUR;Euronext Amsterdam;;5;7;;;
20260901;SXXP;STOXX Europe 600;EU0009658202;098952;;AZN.L;ASTRAZENECA;GB;GBP;London SE;;6;5;;;
20260901;SXXP;STOXX Europe 600;EU0009658202;461669;;NESN.S;NESTLE;CH;CHF;Six Swiss Exchange;;7;6;;;
20260901;SXXP;STOXX Europe 600;EU0009658202;480710;;SIEGn.DE;SIEMENS;DE;EUR;XETRA;;8;8;;;
20260901;SXXP;STOXX Europe 600;EU0009658202;476361;;SAPG.DE;SAP;DE;EUR;XETRA;;9;13;;;
20260901;SXXP;STOXX Europe 600;EU0009658202;407228;;SAN.MC;BCO SANTANDER;ES;EUR;BME Exchange;;10;9;;;
20260901;SXXP;STOXX Europe 600;EU0009658202;490541;;TTEF.PA;TOTALENERGIES;FR;EUR;Euronext Paris;;11;10;;;
20260901;SXXP;STOXX Europe 600;EU0009658202;401632;;ALVG.DE;ALLIANZ;DE;EUR;XETRA;;12;12;;;
20260901;SXXP;STOXX Europe 600;EU0009658202;483410;;SCHN.PA;SCHNEIDER ELECTRIC;FR;EUR;Euronext Paris;;13;11;;;
20260901;SXXP;STOXX Europe 600;EU0009658202;074776;;RR.L;ROLLS ROYCE HLDG;GB;GBP;London SE;;14;14;;;
20260901;SXXP;STOXX Europe 600;EU0009658202;478511;;UBSG.S;UBS GROUP;CH;CHF;Six Swiss Exchange;;15;15;;;
20260901;SXXP;STOXX Europe 600;EU0009658202;550190;;BBVA.MC;BCO BILBAO VIZCAYA ARGENTARIA;ES;EUR;BME Exchange;;16;16;;;
20260901;SXXP;STOXX Europe 600;EU0009658202;408580;;ABBN.S;ABB;CH;CHF;Six Swiss Exchange;;17;17;;;
20260901;SXXP;STOXX Europe 600;EU0009658202;423244;;CRDI.MI;UNICREDIT;IT;EUR;Borsa Italiana;;18;21;;;
20260901;SXXP;STOXX Europe 600;EU0009658202;465191;;NOVOb.CO;NOVO NORDISK B;DK;DKK;NASDAQ Copenhagen;;19;18;;;
20260901;SXXP;STOXX Europe 600;EU0009658202;442464;;IBE.MC;IBERDROLA;ES;EUR;BME Exchange;;20;19;;;
20260901;SXXP;STOXX Europe 600;EU0009658202;476776;;SAF.PA;SAFRAN;FR;EUR;Euronext Paris;;21;20;;;
20260901;SXXP;STOXX Europe 600;EU0009658202;091321;;ULVR.L;UNILEVER PLC;GB;GBP;London SE;;22;22;;;
20260901;SXXP;STOXX Europe 600;EU0009658202;401225;;AIR.PA;AIRBUS;FR;EUR;Euronext Paris;;23;24;;;
20260901;SXXP;STOXX Europe 600;EU0009658202;DE004V;;ENR1n.DE;SIEMENS ENERGY;DE;EUR;XETRA;;24;23;;;
20260901;SXXP;STOXX Europe 600;EU0009658202;454005;;LVMH.PA;LVMH MOET HENNESSY;FR;EUR;Euronext Paris;;25;25;;;
20260901;SXXP;STOXX Europe 600;EU0009658202;473821;;CFR.S;CIE FINANCIERE RICHEMONT;CH;CHF;Six Swiss Exchange;;26;28;;;
20260901;SXXP;STOXX Europe 600;EU0009658202;401140;;AIRP.PA;AIR LIQUIDE;FR;EUR;Euronext Paris;;27;29;;;
20260901;SXXP;STOXX Europe 600;EU0009658202;413366;;BNPP.PA;BNP PARIBAS;FR;EUR;Euronext Paris;;28;27;;;
20260901;SXXP;STOXX Europe 600;EU0009658202;407683;;ISP.MI;INTESA SANPAOLO;IT;EUR;Borsa Italiana;;29;32;;;
20260901;SXXP;STOXX Europe 600;EU0009658202;028758;;BATS.L;BRITISH AMERICAN TOBACCO;GB;GBP;London SE;;30;26;;;
20260901;SXXP;STOXX Europe 600;EU0009658202;013849;;BP.L;BP;GB;GBP;London SE;;31;30;;;
20260901;SXXP;STOXX Europe 600;EU0009658202;511938;;DTEGn.DE;DEUTSCHE TELEKOM;DE;EUR;XETRA;;32;34;;;
20260901;SXXP;STOXX Europe 600;EU0009658202;071887;;RIO.L;RIO TINTO;GB;GBP;London SE;;33;36;;;
20260901;SXXP;STOXX Europe 600;EU0009658202;499187;;ZURN.S;ZURICH INSURANCE GROUP;CH;CHF;Six Swiss Exchange;;34;31;;;
20260901;SXXP;STOXX Europe 600;EU0009658202;453478;;OREP.PA;L'OREAL;FR;EUR;Euronext Paris;;35;33;;;
20260901;SXXP;STOXX Europe 600;EU0009658202;448816;;INGA.AS;ING GRP;NL;EUR;Euronext Amsterdam;;36;37;;;
20260901;SXXP;STOXX Europe 600;EU0009658202;037178;;GSK.L;GSK;GB;GBP;London SE;;37;35;;;
20260901;SXXP;STOXX Europe 600;EU0009658202;477518;;SASY.PA;SANOFI;FR;EUR;Euronext Paris;;38;38;;;
20260901;SXXP;STOXX Europe 600;EU0009658202;007820;;BARC.L;BARCLAYS;GB;GBP;London SE;;39;39;;;
20260901;SXXP;STOXX Europe 600;EU0009658202;458887;;AXAF.PA;AXA;FR;EUR;Euronext Paris;;40;41;;;
20260901;SXXP;STOXX Europe 600;EU0009658202;012715;;BAES.L;BAE SYSTEMS;GB;GBP;London SE;;41;43;;;
20260901;SXXP;STOXX Europe 600;EU0009658202;087061;;LLOY.L;LLOYDS BANKING GRP;GB;GBP;London SE;;42;42;;;
20260901;SXXP;STOXX Europe 600;EU0009658202;588950;;IFXGn.DE;INFINEON TECHNOLOGIES;DE;EUR;XETRA;;43;40;;;
20260901;SXXP;STOXX Europe 600;EU0009658202;579802;;ENEI.MI;ENEL;IT;EUR;Borsa Italiana;;44;45;;;
20260901;SXXP;STOXX Europe 600;EU0009658202;024282;;NG.L;NATIONAL GRID;GB;GBP;London SE;;45;46;;;
20260901;SXXP;STOXX Europe 600;EU0009658202;475531;;ABI.BR;ANHEUSER-BUSCH INBEV;BE;EUR;Euronext Brussels;;46;44;;;
20260901;SXXP;STOXX Europe 600;EU0009658202;446963;;INVEb.ST;INVESTOR B;SE;SEK;NASDAQ Stockholm;;47;48;;;
20260901;SXXP;STOXX Europe 600;EU0009658202;426724;;DBKGn.DE;DEUTSCHE BANK;DE;EUR;XETRA;;48;52;;;
20260901;SXXP;STOXX Europe 600;EU0009658202;461075;;MUVGn.DE;MUENCHENER RUECK;DE;EUR;XETRA;;49;50;;;
20260901;SXXP;STOXX Europe 600;EU0009658202;GB10B3;;GLEN.L;GLENCORE PLC;GB;GBP;London SE;;50;54;;;
20260901;SXXP;STOXX Europe 600;EU0009658202;075478;;NWG.L;NATWEST GROUP;GB;GBP;London SE;;51;49;;;
20260901;SXXP;STOXX Europe 600;EU0009658202;711131;;ITX.MC;Industria de Diseno Textil SA;ES;EUR;BME Exchange;;52;51;;;
20260901;SXXP;STOXX Europe 600;EU0009658202;481808;;SGEF.PA;VINCI;FR;EUR;Euronext Paris;;53;47;;;
20260901;SXXP;STOXX Europe 600;EU0009658202;478184;;NDAFI.HE;NORDEA BANK;FI;EUR;NASDAQ Helsinki;;54;55;;;
20260901;SXXP;STOXX Europe 600;EU0009658202;073087;;REL.L;RELX PLC;GB;GBP;London SE;;55;56;;;
20260901;SXXP;STOXX Europe 600;EU0009658202;441842;;HRMS.PA;HERMES INTERNATIONAL;FR;EUR;Euronext Paris;;56;58;;;
20260901;SXXP;STOXX Europe 600;EU0009658202;490151;;AAL.L;ANGLO AMERICAN;GB;GBP;London SE;;57;67;;;
20260901;SXXP;STOXX Europe 600;EU0009658202;BE8041;;ARGX.BR;ARGENX;BE;EUR;Euronext Brussels;;58;72;;;
20260901;SXXP;STOXX Europe 600;EU0009658202;481775;;SOGN.PA;GRP SOCIETE GENERALE;FR;EUR;Euronext Paris;;59;53;;;
20260901;SXXP;STOXX Europe 600;EU0009658202;702196;;DB1Gn.DE;DEUTSCHE BOERSE;DE;EUR;XETRA;;60;65;;;
20260901;SXXP;STOXX Europe 600;EU0009658202;461785;;DHLn.DE;DHL;DE;EUR;XETRA;;61;57;;;
20260901;SXXP;STOXX Europe 600;EU0009658202;533458;;RHMG.DE;RHEINMETALL;DE;EUR;XETRA;;62;60;;;
20260901;SXXP;STOXX Europe 600;EU0009658202;430376;;ESLX.PA;ESSILORLUXOTTICA;FR;EUR;Euronext Paris;;63;62;;;
20260901;SXXP;STOXX Europe 600;EU0009658202;095298;;LSEG.L;LONDON STOCK EXCHANGE;GB;GBP;London SE;;64;71;;;
20260901;SXXP;STOXX Europe 600;EU0009658202;493117;;VOLVb.ST;VOLVO B;SE;SEK;NASDAQ Stockholm;;65;61;;;
20260901;SXXP;STOXX Europe 600;EU0009658202;NL901I;;PRX.AS;Prosus;NL;EUR;Euronext Amsterdam;;66;63;;;
20260901;SXXP;STOXX Europe 600;EU0009658202;B0C2CQ;;ENGIE.PA;ENGIE;FR;EUR;Euronext Paris;;67;59;;;
20260901;SXXP;STOXX Europe 600;EU0009658202;408530;;BAYGn.DE;BAYER;DE;EUR;XETRA;;68;70;;;
20260901;SXXP;STOXX Europe 600;EU0009658202;405671;;GASI.MI;ASSICURAZIONI GENERALI;IT;EUR;Borsa Italiana;;69;68;;;
20260901;SXXP;STOXX Europe 600;EU0009658202;405097;;ATCOa.ST;ATLAS COPCO A;SE;SEK;NASDAQ Stockholm;;70;69;;;
20260901;SXXP;STOXX Europe 600;EU0009658202;408348;;BASFn.DE;BASF;DE;EUR;XETRA;;71;74;;;
20260901;SXXP;STOXX Europe 600;EU0009658202;463841;;NOKIA.HE;NOKIA;FI;EUR;NASDAQ Helsinki;;72;78;;;
20260901;SXXP;STOXX Europe 600;EU0009658202;443639;;ENI.MI;ENI;IT;EUR;Borsa Italiana;;73;66;;;
20260901;SXXP;STOXX Europe 600;EU0009658202;053315;;CPG.L;COMPASS GRP;GB;USD;London SE;;74;64;;;
20260901;SXXP;STOXX Europe 600;EU0009658202;EE009;;CABK.MC;CAIXABANK;ES;EUR;BME Exchange;;75;75;;;
20260901;SXXP;STOXX Europe 600;EU0009658202;083860;;STAN.L;STANDARD CHARTERED;GB;GBP;London SE;;76;73;;;
20260901;SXXP;STOXX Europe 600;EU0009658202;478165;;SRENH.S;SWISS REINSURANCE COMPANY;CH;CHF;Six Swiss Exchange;;77;76;;;
20260901;SXXP;STOXX Europe 600;EU0009658202;039600;;DGE.L;DIAGEO;GB;GBP;London SE;;78;79;;;
20260901;SXXP;STOXX Europe 600;EU0009658202;IT509P;;RACE.MI;FERRARI;IT;EUR;Borsa Italiana;;79;83;;;
20260901;SXXP;STOXX Europe 600;EU0009658202;579422;;LONN.S;LONZA;CH;CHF;Six Swiss Exchange;;80;80;;;
20260901;SXXP;STOXX Europe 600;EU0009658202;407023;;DANO.PA;DANONE;FR;EUR;Euronext Paris;;81;77;;;
20260901;SXXP;STOXX Europe 600;EU0009658202;473550;;RWEG.DE;RWE;DE;EUR;XETRA;;82;89;;;
20260901;SXXP;STOXX Europe 600;EU0009658202;442048;;HOLN.S;Holcim;CH;CHF;Six Swiss Exchange;;83;81;;;
20260901;SXXP;STOXX Europe 600;EU0009658202;492752;;EONGn.DE;E.ON;DE;EUR;XETRA;;84;82;;;
20260901;SXXP;STOXX Europe 600;EU0009658202;888051;;ASMI.AS;ASM INTERNATIONAL;NL;EUR;Euronext Amsterdam;;85;85;;;
20260901;SXXP;STOXX Europe 600;EU0009658202;476837;;SGOB.PA;SAINT GOBAIN;FR;EUR;Euronext Paris;;86;84;;;
20260901;SXXP;STOXX Europe 600;EU0009658202;072769;;RKT.L;RECKITT BENCKISER GRP;GB;GBP;London SE;;87;86;;;
20260901;SXXP;STOXX Europe 600;EU0009658202;GB20WP;;HLN.L;HALEON;GB;GBP;London SE;;88;87;;;
20260901;SXXP;STOXX Europe 600;EU0009658202;477472;;SAND.ST;SANDVIK;SE;SEK;NASDAQ Stockholm;;89;93;;;
20260901;SXXP;STOXX Europe 600;EU0009658202;528983;;ERST.VI;ERSTE GROUP BANK;AT;EUR;Wiener Boerse AG;;90;95;;;
20260901;SXXP;STOXX Europe 600;EU0009658202;B1W4V6;;PRY.MI;PRYSMIAN;IT;EUR;Borsa Italiana;;91;92;;;
20260901;SXXP;STOXX Europe 600;EU0009658202;587296;;DSV.CO;DSV;DK;DKK;NASDAQ Copenhagen;;92;88;;;
20260901;SXXP;STOXX Europe 600;EU0009658202;B11ZRK;;LEGD.PA;LEGRAND;FR;EUR;Euronext Paris;;93;94;;;
20260901;SXXP;STOXX Europe 600;EU0009658202;079087;;SSE.L;SCOTTISH & SOUTHERN ENERGY;GB;GBP;London SE;;94;97;;;
20260901;SXXP;STOXX Europe 600;EU0009658202;CH4074;;GALD.S;GALDERMA GROUP N;CH;CHF;Six Swiss Exchange;;95;91;;;
20260901;SXXP;STOXX Europe 600;EU0009658202;425240;;MBGn.DE;MERCEDES-BENZ GROUP;DE;EUR;XETRA;;96;96;;;
20260901;SXXP;STOXX Europe 600;EU0009658202;088470;;TSCO.L;TESCO;GB;GBP;London SE;;97;90;;;
20260901;SXXP;STOXX Europe 600;EU0009658202;NL802I;;ADYEN.AS;ADYEN;NL;EUR;Euronext Amsterdam;;98;115;;;
20260901;SXXP;STOXX Europe 600;EU0009658202;480808;;SIKA.S;SIKA;CH;CHF;Six Swiss Exchange;;99;104;;;
20260901;SXXP;STOXX Europe 600;EU0009658202;400930;;ASSAb.ST;ASSA ABLOY;SE;SEK;NASDAQ Stockholm;;100;103;;;
20260901;SXXP;STOXX Europe 600;EU0009658202;426292;;DANSKE.CO;DANSKE BANK;DK;DKK;NASDAQ Copenhagen;;101;101;;;
20260901;SXXP;STOXX Europe 600;EU0009658202;071921;;VOD.L;VODAFONE GRP;GB;GBP;London SE;;102;121;;;
20260901;SXXP;STOXX Europe 600;EU0009658202;CH303Z;;SDZ.S;SANDOZ GROUP;CH;CHF;Six Swiss Exchange;;103;105;;;
20260901;SXXP;STOXX Europe 600;EU0009658202;517617;;ORAN.PA;ORANGE;FR;EUR;Euronext Paris;;104;99;;;
20260901;SXXP;STOXX Europe 600;EU0009658202;038470;;EXPN.L;EXPERIAN;GB;GBP;London SE;;105;111;;;
20260901;SXXP;STOXX Europe 600;EU0009658202;088869;;III.L;3I GROUP PLC.;GB;GBP;London SE;;106;100;;;
20260901;SXXP;STOXX Europe 600;EU0009658202;CH90EG;;ALCC.S;ALCON;CH;CHF;Six Swiss Exchange;;107;110;;;
20260901;SXXP;STOXX Europe 600;EU0009658202;484652;;SWEDa.ST;SWEDBANK;SE;SEK;NASDAQ Stockholm;;108;102;;;
20260901;SXXP;STOXX Europe 600;EU0009658202;481334;;SEBa.ST;SKANDINAVISKA ENSKILDA BK A;SE;SEK;NASDAQ Stockholm;;109;106;;;
20260901;SXXP;STOXX Europe 600;EU0009658202;473322;;REP.MC;REPSOL;ES;EUR;BME Exchange;;110;113;;;
20260901;SXXP;STOXX Europe 600;EU0009658202;070995;;PRU.L;PRUDENTIAL;GB;GBP;London SE;;111;98;;;
20260901;SXXP;STOXX Europe 600;EU0009658202;449774;;KBC.BR;KBC GRP;BE;EUR;Euronext Brussels;;112;118;;;
20260901;SXXP;STOXX Europe 600;EU0009658202;544489;;VWS.CO;VESTAS WIND SYSTEMS;DK;DKK;NASDAQ Copenhagen;;113;133;;;
20260901;SXXP;STOXX Europe 600;EU0009658202;477670;;STMMI.MI;STMICROELECTRONICS;IT;EUR;Borsa Italiana;;114;108;;;
20260901;SXXP;STOXX Europe 600;EU0009658202;529525;;MT.AS;ARCELORMITTAL;FR;EUR;Euronext Amsterdam;;115;120;;;
20260901;SXXP;STOXX Europe 600;EU0009658202;528586;;SLHN.S;SWISS LIFE HLDG;CH;CHF;Six Swiss Exchange;;116;112;;;
20260901;SXXP;STOXX Europe 600;EU0009658202;403197;;ADSGn.DE;ADIDAS;DE;EUR;XETRA;;117;114;;;
20260901;SXXP;STOXX Europe 600;EU0009658202;NL602G;;ABNd.AS;ABN AMRO BANK;NL;EUR;Euronext Amsterdam;;118;126;;;
20260901;SXXP;STOXX Europe 600;EU0009658202;401093;;AD.AS;AHOLD DELHAIZE;NL;EUR;Euronext Amsterdam;;119;107;;;
20260901;SXXP;STOXX Europe 600;EU0009658202;598061;;GIVN.S;GIVAUDAN;CH;CHF;Six Swiss Exchange;;120;119;;;
20260901;SXXP;STOXX Europe 600;EU0009658202;491062;;UCB.BR;UCB;BE;EUR;Euronext Brussels;;121;116;;;
20260901;SXXP;STOXX Europe 600;EU0009658202;021623;;AV.L;AVIVA;GB;GBP;London SE;;122;128;;;
20260901;SXXP;STOXX Europe 600;EU0009658202;569954;;BMPS.MI;BANCA MONTE DEI PASCHI;IT;EUR;Borsa Italiana;;123;124;;;
20260901;SXXP;STOXX Europe 600;EU0009658202;SE90U9;;EQTAB.ST;EQT;SE;SEK;NASDAQ Stockholm;;124;125;;;
20260901;SXXP;STOXX Europe 600;EU0009658202;430384;;ERICb.ST;ERICSSON LM B;SE;SEK;NASDAQ Stockholm;;125;127;;;
20260901;SXXP;STOXX Europe 600;EU0009658202;ES0017;;AMA.MC;AMADEUS IT GROUP;ES;EUR;BME Exchange;;126;136;;;
20260901;SXXP;STOXX Europe 600;EU0009658202;713360;;EQNR.OL;EQUINOR;NO;NOK;Oslo Bors;;127;109;;;
20260901;SXXP;STOXX Europe 600;EU0009658202;B03851;;FER.MC;FERROVIAL;ES;EUR;BME Exchange;;128;117;;;
20260901;SXXP;STOXX Europe 600;EU0009658202;DE14EA;;DTGGe.DE;DAIMLER TRUCK;DE;EUR;XETRA;;129;123;;;
20260901;SXXP;STOXX Europe 600;EU0009658202;477319;;SAMPO.HE;SAMPO;FI;EUR;NASDAQ Helsinki;;130;130;;;
20260901;SXXP;STOXX Europe 600;EU0009658202;426330;;DNB.OL;DNB BANK;NO;NOK;Oslo Bors;;131;132;;;
20260901;SXXP;STOXX Europe 600;EU0009658202;458836;;MICP.PA;MICHELIN;FR;EUR;Euronext Paris;;132;129;;;
20260901;SXXP;STOXX Europe 600;EU0009658202;470774;;PUBP.PA;PUBLICIS GRP;FR;EUR;Euronext Paris;;133;139;;;
20260901;SXXP;STOXX Europe 600;EU0009658202;416279;;TCFP.PA;THALES;FR;EUR;Euronext Paris;;134;131;;;
20260901;SXXP;STOXX Europe 600;EU0009658202;001978;;AIBG.I;AIB GROUP;IE;EUR;Euronext Dublin;;135;141;;;
20260901;SXXP;STOXX Europe 600;EU0009658202;B03NGS;;PKO.WA;PKO BANK;PL;PLN;Warsaw SE;;136;137;;;
20260901;SXXP;STOXX Europe 600;EU0009658202;045449;;IMB.L;IMPERIAL BRANDS;GB;GBP;London SE;;137;122;;;
20260901;SXXP;STOXX Europe 600;EU0009658202;EF2;;VIE.PA;VEOLIA ENVIRONNEMENT;FR;EUR;Euronext Paris;;138;134;;;
20260901;SXXP;STOXX Europe 600;EU0009658202;411609;;EMII.MI;BPER Banca;IT;EUR;Borsa Italiana;;139;143;;;
20260901;SXXP;STOXX Europe 600;EU0009658202;465853;;NSISb.CO;NOVONESIS;DK;DKK;NASDAQ Copenhagen;;140;154;;;
20260901;SXXP;STOXX Europe 600;EU0009658202;449667;;KNEBV.HE;KONE B;FI;EUR;NASDAQ Helsinki;;141;150;;;
20260901;SXXP;STOXX Europe 600;EU0009658202;533338;;ACS.MC;ACS;ES;EUR;BME Exchange;;142;135;;;
20260901;SXXP;STOXX Europe 600;EU0009658202;437915;;LDOF.MI;LEONARDO;IT;EUR;Borsa Italiana;;143;138;;;
20260901;SXXP;STOXX Europe 600;EU0009658202;408522;;BMWG.DE;BMW;DE;EUR;XETRA;;144;152;;;
20260901;SXXP;STOXX Europe 600;EU0009658202;581006;;PKN.WA;ORLEN;PL;PLN;Warsaw SE;;145;151;;;
20260901;SXXP;STOXX Europe 600;EU0009658202;441870;;HEIG.DE;HEIDELBERG MATERIALS;DE;EUR;XETRA;;146;147;;;
20260901;SXXP;STOXX Europe 600;EU0009658202;486863;;SHBa.ST;SVENSKA HANDELSBANKEN A;SE;SEK;NASDAQ Stockholm;;147;145;;;
20260901;SXXP;STOXX Europe 600;EU0009658202;042186;;NXT.L;NEXT;GB;GBP;London SE;;148;153;;;
20260901;SXXP;STOXX Europe 600;EU0009658202;672626;;GEBN.S;GEBERIT;CH;CHF;Six Swiss Exchange;;149;157;;;
20260901;SXXP;STOXX Europe 600;EU0009658202;NL403F;;NN.AS;NN GROUP;NL;EUR;Euronext Amsterdam;;150;142;;;
20260901;SXXP;STOXX Europe 600;EU0009658202;726261;;CAGR.PA;CREDIT AGRICOLE;FR;EUR;Euronext Paris;;151;144;;;
20260901;SXXP;STOXX Europe 600;EU0009658202;008320;;IHG.L;INTERCONTINENTAL HOTELS GRP;GB;USD;London SE;;152;146;;;
20260901;SXXP;STOXX Europe 600;EU0009658202;441930;;HEIN.AS;HEINEKEN;NL;EUR;Euronext Amsterdam;;153;140;;;
20260901;SXXP;STOXX Europe 600;EU0009658202;ES504F;;AENA.MC;AENA SME;ES;EUR;BME Exchange;;154;155;;;
20260901;SXXP;STOXX Europe 600;EU0009658202;011517;;RYA.I;RYANAIR;IE;EUR;Euronext Dublin;;155;149;;;
20260901;SXXP;STOXX Europe 600;EU0009658202;B096C6;;HEXAb.ST;HEXAGON B;SE;SEK;NASDAQ Stockholm;;156;162;;;
20260901;SXXP;STOXX Europe 600;EU0009658202;B09DHL;;MTXGn.DE;MTU AERO ENGINES;DE;EUR;XETRA;;157;156;;;
20260901;SXXP;STOXX Europe 600;EU0009658202;546955;;SAABb.ST;SAAB B;SE;SEK;NASDAQ Stockholm;;158;161;;;
20260901;SXXP;STOXX Europe 600;EU0009658202;435209;;FREn.DE;FRESENIUS;DE;EUR;XETRA;;159;160;;;
20260901;SXXP;STOXX Europe 600;EU0009658202;926288;;ANTO.L;ANTOFAGASTA;GB;GBP;London SE;;160;173;;;
20260901;SXXP;STOXX Europe 600;EU0009658202;468520;;PHG.AS;PHILIPS;NL;EUR;Euronext Amsterdam;;161;164;;;
20260901;SXXP;STOXX Europe 600;EU0009658202;416343;;CAPP.PA;CAP GEMINI;FR;EUR;Euronext Paris;;162;168;;;
20260901;SXXP;STOXX Europe 600;EU0009658202;470384;;PRTP.PA;Kering;FR;EUR;Euronext Paris;;163;148;;;
20260901;SXXP;STOXX Europe 600;EU0009658202;474184;;MRCG.DE;MERCK;DE;EUR;XETRA;;164;159;;;
20260901;SXXP;STOXX Europe 600;EU0009658202;051152;;LGEN.L;LEGAL & GENERAL GRP;GB;GBP;London SE;;165;158;;;
20260901;SXXP;STOXX Europe 600;EU0009658202;007560;;BIRG.I;BANK OF IRELAND GROUP;IE;EUR;Euronext Dublin;;166;169;;;
20260901;SXXP;STOXX Europe 600;EU0009658202;459573;;GMAB.CO;GENMAB;DK;DKK;NASDAQ Copenhagen;;167;181;;;
20260901;SXXP;STOXX Europe 600;EU0009658202;B119QG;;PGHN.S;PARTNERS GRP HLDG;CH;CHF;Six Swiss Exchange;;168;174;;;
20260901;SXXP;STOXX Europe 600;EU0009658202;929869;;HBANC.S;HELVETIA BALOISE HLDG;CH;CHF;Six Swiss Exchange;;169;163;;;
20260901;SXXP;STOXX Europe 600;EU0009658202;709538;;SABE.MC;BCO SABADELL;ES;EUR;BME Exchange;;170;172;;;
20260901;SXXP;STOXX Europe 600;EU0009658202;CH6010;;VACN.S;VAT GROUP AG;CH;CHF;Six Swiss Exchange;;171;167;;;
20260901;SXXP;STOXX Europe 600;EU0009658202;424910;;DSFIR.AS;DSM FIRMENICH AG;NL;EUR;Euronext Amsterdam;;172;176;;;
20260901;SXXP;STOXX Europe 600;EU0009658202;553397;;SCMN.S;SWISSCOM;CH;CHF;Six Swiss Exchange;;173;170;;;
20260901;SXXP;STOXX Europe 600;EU0009658202;482476;;SGSN.S;SGS;CH;CHF;Six Swiss Exchange;;174;166;;;
20260901;SXXP;STOXX Europe 600;EU0009658202;533004;;DAST.PA;DASSAULT SYSTEMS;FR;EUR;Euronext Paris;;175;188;;;
20260901;SXXP;STOXX Europe 600;EU0009658202;EY030;;BAER.S;JULIUS BAER GRP;CH;CHF;Six Swiss Exchange;;176;179;;;
20260901;SXXP;STOXX Europe 600;EU0009658202;497711;;WLSNc.AS;WOLTERS KLUWER;NL;EUR;Euronext Amsterdam;;177;177;;;
20260901;SXXP;STOXX Europe 600;EU0009658202;NL123E;;UMG.AS;UMG;NL;EUR;Euronext Amsterdam;;178;175;;;
20260901;SXXP;STOXX Europe 600;EU0009658202;421342;;CBKG.DE;COMMERZBANK;DE;EUR;XETRA;;179;171;;;
20260901;SXXP;STOXX Europe 600;EU0009658202;040520;;HLMA.L;HALMA;GB;GBP;London SE;;180;180;;;
20260901;SXXP;STOXX Europe 600;EU0009658202;EG7;;VOWG_p.DE;VOLKSWAGEN PREF;DE;EUR;XETRA;;181;182;;;
20260901;SXXP;STOXX Europe 600;EU0009658202;449123;;KSP.I;KINGSPAN GRP;IE;EUR;Euronext Dublin;;182;210;;;
20260901;SXXP;STOXX Europe 600;EU0009658202;453456;;KPN.AS;KPN;NL;EUR;Euronext Amsterdam;;183;178;;;
20260901;SXXP;STOXX Europe 600;EU0009658202;737826;;BAMI.MI;BANCO BPM;IT;EUR;Borsa Italiana;;184;165;;;
20260901;SXXP;STOXX Europe 600;EU0009658202;451180;;HNRGn.DE;HANNOVER RUECK;DE;EUR;XETRA;;185;184;;;
20260901;SXXP;STOXX Europe 600;EU0009658202;014084;;BT.L;BT GRP;GB;GBP;London SE;;186;186;;;
20260901;SXXP;STOXX Europe 600;EU0009658202;733268;;ALFA.ST;ALFA LAVAL;SE;SEK;NASDAQ Stockholm;;187;185;;;
20260901;SXXP;STOXX Europe 600;EU0009658202;SE80GU;;EPIRa.ST;EPIROC A;SE;SEK;NASDAQ Stockholm;;188;194;;;
20260901;SXXP;STOXX Europe 600;EU0009658202;417986;;NTGY.MC;Naturgy Energy Group;ES;EUR;BME Exchange;;189;237;;;
20260901;SXXP;STOXX Europe 600;EU0009658202;DE8087;;SHLG.DE;SIEMENS HEALTHINEERS;DE;EUR;XETRA;;190;195;;;
20260901;SXXP;STOXX Europe 600;EU0009658202;IT404J;;FBK.MI;FINECOBANK;IT;EUR;Borsa Italiana;;191;190;;;
20260901;SXXP;STOXX Europe 600;EU0009658202;488082;;TEF.MC;TELEFONICA;ES;EUR;BME Exchange;;192;201;;;
20260901;SXXP;STOXX Europe 600;EU0009658202;NL704J;;BESI.AS;BE SEMICONDUCTOR;NL;EUR;Euronext Amsterdam;;193;187;;;
20260901;SXXP;STOXX Europe 600;EU0009658202;SE707K;;ESSITYb.ST;Essity B;SE;SEK;NASDAQ Stockholm;;194;189;;;
20260901;SXXP;STOXX Europe 600;EU0009658202;726619;;BOL.ST;BOLIDEN;SE;SEK;NASDAQ Stockholm;;195;212;;;
20260901;SXXP;STOXX Europe 600;EU0009658202;462595;;NBGr.AT;NATIONAL BANK OF GREECE;GR;EUR;ATHENS SE;;196;;;;
20260901;SXXP;STOXX Europe 600;EU0009658202;DE3082;;VNAn.DE;Vonovia SE;DE;EUR;XETRA;;197;183;;;
20260901;SXXP;STOXX Europe 600;EU0009658202;081410;;SGRO.L;SEGRO;GB;GBP;London SE;;198;193;;;
20260901;SXXP;STOXX Europe 600;EU0009658202;524918;;EDP.LS;EDP (PT);PT;EUR;Euronext Lisbon;;199;200;;;
20260901;SXXP;STOXX Europe 600;EU0009658202;AT701B;;BAWG.VI;BAWAG GROUP AG;AT;EUR;Wiener Boerse AG;;200;197;;;
20260901;SXXP;STOXX Europe 600;EU0009658202;B01BN5;;TRN.MI;TERNA;IT;EUR;Borsa Italiana;;201;192;;;
20260901;SXXP;STOXX Europe 600;EU0009658202;XXXXX3;;NESTE.HE;NESTE;FI;EUR;NASDAQ Helsinki;;202;205;;;
20260901;SXXP;STOXX Europe 600;EU0009658202;452518;;WRT1V.HE;WARTSILA;FI;EUR;NASDAQ Helsinki;;203;191;;;
20260901;SXXP;STOXX Europe 600;EU0009658202;465940;;TLIT.MI;TELECOM ITALIA;IT;EUR;Borsa Italiana;;204;208;;;
20260901;SXXP;STOXX Europe 600;EU0009658202;049065;;KYGa.I;KERRY GRP;IE;EUR;Euronext Dublin;;205;203;;;
20260901;SXXP;STOXX Europe 600;EU0009658202;026256;;INF.L;INFORMA;GB;GBP;London SE;;206;204;;;
20260901;SXXP;STOXX Europe 600;EU0009658202;IT602J;;PST.MI;POSTE ITALIANE;IT;EUR;Borsa Italiana;;207;214;;;
20260901;SXXP;STOXX Europe 600;EU0009658202;520824;;KOG.OL;KONGSBERG GRUPPEN;NO;NOK;Oslo Bors;;208;219;;;
20260901;SXXP;STOXX Europe 600;EU0009658202;926294;;ADML.L;ADMIRAL GRP;GB;GBP;London SE;;209;217;;;
20260901;SXXP;STOXX Europe 600;EU0009658202;505125;;UPM.HE;UPM KYMMENE;FI;EUR;NASDAQ Helsinki;;210;211;;;
20260901;SXXP;STOXX Europe 600;EU0009658202;468232;;PERP.PA;PERNOD RICARD;FR;EUR;Euronext Paris;;211;198;;;
20260901;SXXP;STOXX Europe 600;EU0009658202;ES502D;;CLNX.MC;CELLNEX TELECOM;ES;EUR;BME Exchange;;212;199;;;
20260901;SXXP;STOXX Europe 600;EU0009658202;431536;;ELE.MC;ENDESA;ES;EUR;BME Exchange;;213;202;;;
20260901;SXXP;STOXX Europe 600;EU0009658202;FR405F;;ENX.PA;EURONEXT;FR;EUR;Euronext Paris;;214;209;;;
20260901;SXXP;STOXX Europe 600;EU0009658202;064623;;UU.L;UNITED UTILITIES GRP;GB;GBP;London SE;;215;218;;;
20260901;SXXP;STOXX Europe 600;EU0009658202;715674;;KNIN.S;KUEHNE + NAGEL;CH;CHF;Six Swiss Exchange;;216;220;;;
20260901;SXXP;STOXX Europe 600;EU0009658202;411515;;BOUY.PA;BOUYGUES;FR;EUR;Euronext Paris;;217;196;;;
20260901;SXXP;STOXX Europe 600;EU0009658202;B1JB4K;;SY1G.DE;SYMRISE;DE;EUR;XETRA;;218;222;;;
20260901;SXXP;STOXX Europe 600;EU0009658202;143406;;SOON.S;SONOVA;CH;CHF;Six Swiss Exchange;;219;225;;;
20260901;SXXP;STOXX Europe 600;EU0009658202;772868;;LOGN.S;LOGITECH INTERNATIONAL;CH;CHF;Six Swiss Exchange;;220;207;;;
20260901;SXXP;STOXX Europe 600;EU0009658202;GB6120;;EDV.L;ENDEAVOUR MINING;GB;GBP;London SE;;221;;;;
20260901;SXXP;STOXX Europe 600;EU0009658202;725147;;SRG.MI;SNAM RETE GAS;IT;EUR;Borsa Italiana;;222;215;;;
20260901;SXXP;STOXX Europe 600;EU0009658202;546435;;STMN.S;STRAUMANN;CH;CHF;Six Swiss Exchange;;223;206;;;
20260901;SXXP;STOXX Europe 600;EU0009658202;012905;;ICAG.L;IAG;GB;GBP;London SE;;224;224;;;
20260901;SXXP;STOXX Europe 600;EU0009658202;400169;;AGES.BR;AGEAS;BE;EUR;Euronext Brussels;;225;231;;;
20260901;SXXP;STOXX Europe 600;EU0009658202;080216;;SGE.L;SAGE GRP;GB;GBP;London SE;;226;239;;;
20260901;SXXP;STOXX Europe 600;EU0009658202;442031;;HNKG_p.DE;HENKEL PREF;DE;EUR;XETRA;;227;227;;;
20260901;SXXP;STOXX Europe 600;EU0009658202;GB7020;;DPLM.L;DIPLOMA;GB;GBP;London SE;;228;226;;;
20260901;SXXP;STOXX Europe 600;EU0009658202;491134;;URW.PA;UNIBAIL-RODAMCO-WESTFIELD;FR;EUR;Euronext Paris;;229;229;;;
20260901;SXXP;STOXX Europe 600;EU0009658202;B1FN8X;;METSO.HE;METSO;FI;EUR;NASDAQ Helsinki;;230;241;;;
20260901;SXXP;STOXX Europe 600;EU0009658202;505136;;UNPI.MI;UNIPOL ASSICURAZIONI;IT;EUR;Borsa Italiana;;231;233;;;
20260901;SXXP;STOXX Europe 600;EU0009658202;526325;;KGH.WA;KGHM;PL;PLN;Warsaw SE;;232;252;;;
20260901;SXXP;STOXX Europe 600;EU0009658202;464580;;NHY.OL;NORSK HYDRO;NO;NOK;Oslo Bors;;233;240;;;
20260901;SXXP;STOXX Europe 600;EU0009658202;733750;;SCHP.S;SCHINDLER P;CH;CHF;Six Swiss Exchange;;234;232;;;
20260901;SXXP;STOXX Europe 600;EU0009658202;442072;;CCH.L;COCA-COLA HBC;GB;GBP;London SE;;235;213;;;
20260901;SXXP;STOXX Europe 600;EU0009658202;565431;;EURBr.AT;EUROBANK;GR;EUR;ATHENS SE;;236;;;;
20260901;SXXP;STOXX Europe 600;EU0009658202;416921;;CARLb.CO;CARLSBERG B;DK;DKK;NASDAQ Copenhagen;;237;223;;;
20260901;SXXP;STOXX Europe 600;EU0009658202;412267;;BOPr.AT;PIRAEUS BANK;GR;EUR;ATHENS SE;;238;;;;
20260901;SXXP;STOXX Europe 600;EU0009658202;081660;;SN.L;SMITH & NEPHEW;GB;GBP;London SE;;239;221;;;
20260901;SXXP;STOXX Europe 600;EU0009658202;PL00OY;;ALEP.WA;ALLEGRO.EU;PL;PLN;Warsaw SE;;240;253;;;
20260901;SXXP;STOXX Europe 600;EU0009658202;407141;;BKT.MC;BANKINTER;ES;EUR;BME Exchange;;241;242;;;
20260901;SXXP;STOXX Europe 600;EU0009658202;936469;;FOUG.PA;EIFFAGE;FR;EUR;Euronext Paris;;242;216;;;
20260901;SXXP;STOXX Europe 600;EU0009658202;594176;;SPSN.S;SWISS PRIME SITE;CH;CHF;Six Swiss Exchange;;243;228;;;
20260901;SXXP;STOXX Europe 600;EU0009658202;IT402H;;MONC.MI;MONCLER;IT;EUR;Borsa Italiana;;244;230;;;
20260901;SXXP;STOXX Europe 600;EU0009658202;015400;;BNZL.L;BUNZL;GB;GBP;London SE;;245;234;;;
20260901;SXXP;STOXX Europe 600;EU0009658202;401190;;AKZO.AS;AKZO NOBEL;NL;EUR;Euronext Amsterdam;;246;238;;;
20260901;SXXP;STOXX Europe 600;EU0009658202;547311;;PEO.WA;PEKAO;PL;PLN;Warsaw SE;;247;246;;;
20260901;SXXP;STOXX Europe 600;EU0009658202;316383;;ITRK.L;INTERTEK GRP;GB;GBP;London SE;;248;235;;;
20260901;SXXP;STOXX Europe 600;EU0009658202;NO10Q2;;AKRBP.OL;AKER BP;NO;NOK;Oslo Bors;;249;254;;;
20260901;SXXP;STOXX Europe 600;EU0009658202;425304;;MAERSKb.CO;A.P.MOLLER-MAERSK B;DK;DKK;NASDAQ Copenhagen;;250;293;;;
20260901;SXXP;STOXX Europe 600;EU0009658202;NL604I;;ASRNL.AS;ASR NEDERLAND NV;NL;EUR;Euronext Amsterdam;;251;236;;;
20260901;SXXP;STOXX Europe 600;EU0009658202;073303;;RTO.L;RENTOKIL INITIAL;GB;GBP;London SE;;252;243;;;
20260901;SXXP;STOXX Europe 600;EU0009658202;417754;;CARR.PA;CARREFOUR;FR;EUR;Euronext Paris;;253;247;;;
20260901;SXXP;STOXX Europe 600;EU0009658202;079851;;SVT.L;SEVERN TRENT;GB;GBP;London SE;;254;255;;;
20260901;SXXP;STOXX Europe 600;EU0009658202;407026;;BCP.LS;BCO COMERCIAL PORTUGUES;PT;EUR;Euronext Lisbon;;255;256;;;
20260901;SXXP;STOXX Europe 600;EU0009658202;458260;;G1AG.DE;GEA GRP;DE;EUR;XETRA;;256;263;;;
20260901;SXXP;STOXX Europe 600;EU0009658202;465145;;OMVV.VI;OMV;AT;EUR;Wiener Boerse AG;;257;262;;;
20260901;SXXP;STOXX Europe 600;EU0009658202;PL001B;;PZU.WA;PZU GROUP;PL;PLN;Warsaw SE;;258;257;;;
20260901;SXXP;STOXX Europe 600;EU0009658202;B28DTJ;;BVI.PA;BUREAU VERITAS;FR;EUR;Euronext Paris;;259;250;;;
20260901;SXXP;STOXX Europe 600;EU0009658202;433560;;STLAM.MI;STELLANTIS;IT;EUR;Borsa Italiana;;260;244;;;
20260901;SXXP;STOXX Europe 600;EU0009658202;056540;;MKS.L;MARKS & SPENCER GRP;GB;GBP;London SE;;261;251;;;
20260901;SXXP;STOXX Europe 600;EU0009658202;400609;;AEGN.AS;AEGON;NL;EUR;Euronext Amsterdam;;262;248;;;
20260901;SXXP;STOXX Europe 600;EU0009658202;GB1EW2;;WISEa.L;WISE GROUP A;GB;GBP;London SE;;263;270;;;
20260901;SXXP;STOXX Europe 600;EU0009658202;420958;;COLOb.CO;COLOPLAST B;DK;DKK;NASDAQ Copenhagen;;264;268;;;
20260901;SXXP;STOXX Europe 600;EU0009658202;SE1018;;SOBIV.ST;SWEDISH ORPHAN BIOVITRUM;SE;SEK;NASDAQ Stockholm;;265;245;;;
20260901;SXXP;STOXX Europe 600;EU0009658202;411232;;ACCP.PA;ACCOR;FR;EUR;Euronext Paris;;266;260;;;
20260901;SXXP;STOXX Europe 600;EU0009658202;045796;;IMI.L;IMI;GB;GBP;London SE;;267;280;;;
20260901;SXXP;STOXX Europe 600;EU0009658202;597838;;TELIA.ST;TELIA COMPANY;SE;SEK;NASDAQ Stockholm;;268;259;;;
20260901;SXXP;STOXX Europe 600;EU0009658202;557955;;FORTUM.HE;FORTUM;FI;EUR;NASDAQ Helsinki;;269;272;;;
20260901;SXXP;STOXX Europe 600;EU0009658202;596228;;LISP.S;LINDT & SPRUENGLI P;CH;CHF;Six Swiss Exchange;;270;249;;;
20260901;SXXP;STOXX Europe 600;EU0009658202;CH6032;;BEAN.S;BELIMO HOLDING;CH;CHF;Six Swiss Exchange;;271;265;;;
20260901;SXXP;STOXX Europe 600;EU0009658202;081827;;SMIN.L;SMITHS GRP;GB;GBP;London SE;;272;258;;;
20260901;SXXP;STOXX Europe 600;EU0009658202;481343;;SKAb.ST;SKANSKA B;SE;SEK;NASDAQ Stockholm;;273;271;;;
20260901;SXXP;STOXX Europe 600;EU0009658202;462220;;ORNBV.HE;ORION B;FI;EUR;NASDAQ Helsinki;;274;266;;;
20260901;SXXP;STOXX Europe 600;EU0009658202;NL508L;;MICCT.AS;THE MAGNUM ICE CREAM COMPANY;NL;EUR;Euronext Amsterdam;;275;289;;;
20260901;SXXP;STOXX Europe 600;EU0009658202;067760;;PSON.L;PEARSON;GB;GBP;London SE;;276;267;;;
20260901;SXXP;STOXX Europe 600;EU0009658202;094660;;WEIR.L;WEIR;GB;GBP;London SE;;277;287;;;
20260901;SXXP;STOXX Europe 600;EU0009658202;B1VP0K;;RXL.PA;REXEL;FR;EUR;Euronext Paris;;278;282;;;
20260901;SXXP;STOXX Europe 600;EU0009658202;DK001Y;;PNDORA.CO;PANDORA;DK;DKK;NASDAQ Copenhagen;;279;284;;;
20260901;SXXP;STOXX Europe 600;EU0009658202;B1FW75;;GALP.LS;GALP ENERGIA;PT;EUR;Euronext Lisbon;;280;292;;;
20260901;SXXP;STOXX Europe 600;EU0009658202;556582;;LOIM.PA;KLEPIERRE;FR;EUR;Euronext Paris;;281;269;;;
20260901;SXXP;STOXX Europe 600;EU0009658202;B02L48;;MOWI.OL;MOWI;NO;NOK;Oslo Bors;;282;278;;;
20260901;SXXP;STOXX Europe 600;EU0009658202;321430;;BEZG.L;BEAZLEY;GB;GBP;London SE;;283;261;;;
20260901;SXXP;STOXX Europe 600;EU0009658202;DK6036;;ORSTED.CO;ORSTED;DK;DKK;NASDAQ Copenhagen;;284;264;;;
20260901;SXXP;STOXX Europe 600;EU0009658202;476706;;SKFb.ST;SKF B;SE;SEK;NASDAQ Stockholm;;285;290;;;
20260901;SXXP;STOXX Europe 600;EU0009658202;018390;;CNA.L;CENTRICA;GB;GBP;London SE;;286;277;;;
20260901;SXXP;STOXX Europe 600;EU0009658202;GB90MM;;MNG.L;M&G;GB;GBP;London SE;;287;274;;;
20260901;SXXP;STOXX Europe 600;EU0009658202;GB30E8;;SDLF.L;STANDARD LIFE;GB;GBP;London SE;;288;283;;;
20260901;SXXP;STOXX Europe 600;EU0009658202;546346;;INDUc.ST;INDUSTRIVARDEN C;SE;SEK;NASDAQ Stockholm;;289;275;;;
20260901;SXXP;STOXX Europe 600;EU0009658202;506506;;TEL2b.ST;TELE2 B;SE;SEK;NASDAQ Stockholm;;290;285;;;
20260901;SXXP;STOXX Europe 600;EU0009658202;B0704T;;RBIV.VI;RAIFFEISEN BANK INTERNATIONAL;AT;EUR;Wiener Boerse AG;;291;298;;;
20260901;SXXP;STOXX Europe 600;EU0009658202;FR103A;;EUFI.PA;EUROFINS SCIENTIFIC;FR;EUR;Euronext Paris;;292;297;;;
20260901;SXXP;STOXX Europe 600;EU0009658202;485283;;STB.OL;STOREBRAND;NO;NOK;Oslo Bors;;293;286;;;
20260901;SXXP;STOXX Europe 600;EU0009658202;473249;;TEL.OL;TELENOR;NO;NOK;Oslo Bors;;294;296;;;
20260901;SXXP;STOXX Europe 600;EU0009658202;512907;;FMEG.DE;FRESENIUS MEDICAL CARE;DE;EUR;XETRA;;295;273;;;
20260901;SXXP;STOXX Europe 600;EU0009658202;490238;;TRELb.ST;TRELLEBORG B;SE;SEK;NASDAQ Stockholm;;296;299;;;
20260901;SXXP;STOXX Europe 600;EU0009658202;SE10CJ;;ADDTb.ST;ADDTECH B;SE;SEK;NASDAQ Stockholm;;297;281;;;
20260901;SXXP;STOXX Europe 600;EU0009658202;SE70AN;;EVOG.ST;EVOLUTION;SE;SEK;NASDAQ Stockholm;;298;276;;;
20260901;SXXP;STOXX Europe 600;EU0009658202;FR402C;;GTT.PA;GAZTRANSPORT ET TECHNIGAZ;FR;EUR;Euronext Paris;;299;305;;;
20260901;SXXP;STOXX Europe 600;EU0009658202;441920;;HEIO.AS;HEINEKEN HLDG;NL;EUR;Euronext Amsterdam;;300;279;;;
20260901;SXXP;STOXX Europe 600;EU0009658202;422060;;CONG.DE;CONTINENTAL;DE;EUR;XETRA;;301;294;;;
20260901;SXXP;STOXX Europe 600;EU0009658202;573282;;QIA.DE;QIAGEN;DE;EUR;XETRA;;302;302;;;
20260901;SXXP;STOXX Europe 600;EU0009658202;753851;;TENR.MI;TENARIS;IT;EUR;Borsa Italiana;;303;288;;;
20260901;SXXP;STOXX Europe 600;EU0009658202;DE2081;;TLXGn.DE;TALANX;DE;EUR;XETRA;;304;316;;;
20260901;SXXP;STOXX Europe 600;EU0009658202;478396;;SECUb.ST;SECURITAS B;SE;SEK;NASDAQ Stockholm;;305;313;;;
20260901;SXXP;STOXX Europe 600;EU0009658202;FR39AS;;ABVX.PA;ABIVAX;FR;EUR;Euronext Paris;;306;304;;;
20260901;SXXP;STOXX Europe 600;EU0009658202;GB10C4;;MRON.L;MELROSE INDUSTRIES;GB;GBP;London SE;;307;324;;;
20260901;SXXP;STOXX Europe 600;EU0009658202;FR504F;;SPIE.PA;SPIE;FR;EUR;Euronext Paris;;308;291;;;
20260901;SXXP;STOXX Europe 600;EU0009658202;CH2072;;ACLN.S;ACCELLERON INDUSTRIES;CH;CHF;Six Swiss Exchange;;309;300;;;
20260901;SXXP;STOXX Europe 600;EU0009658202;442990;;HOTG.DE;HOCHTIEF;DE;EUR;XETRA;;310;295;;;
20260901;SXXP;STOXX Europe 600;EU0009658202;525824;;SUBC.OL;SUBSEA7;NO;NOK;Oslo Bors;;311;321;;;
20260901;SXXP;STOXX Europe 600;EU0009658202;EG063;;BNRGn.DE;BRENNTAG;DE;EUR;XETRA;;312;312;;;
20260901;SXXP;STOXX Europe 600;EU0009658202;423586;;ACBr.AT;ALPHA BANK;GR;EUR;ATHENS SE;;313;;;;
20260901;SXXP;STOXX Europe 600;EU0009658202;489108;;TKAG.DE;THYSSENKRUPP;DE;EUR;XETRA;;314;344;;;
20260901;SXXP;STOXX Europe 600;EU0009658202;591264;;PSPN.S;PSP SWISS PROPERTY;CH;CHF;Six Swiss Exchange;;315;310;;;
20260901;SXXP;STOXX Europe 600;EU0009658202;GB9044;;GAW.L;GAMES WORKSHOP;GB;GBP;London SE;;316;301;;;
20260901;SXXP;STOXX Europe 600;EU0009658202;726829;;DEHr.AT;PUBLIC POWER;GR;EUR;ATHENS SE;;317;;;;
20260901;SXXP;STOXX Europe 600;EU0009658202;715363;;EBP.WA;ERSTE BANK POLSKA;PL;PLN;Warsaw SE;;318;309;;;
20260901;SXXP;STOXX Europe 600;EU0009658202;408930;;BEIG.DE;BEIERSDORF;DE;EUR;XETRA;;319;308;;;
20260901;SXXP;STOXX Europe 600;EU0009658202;GB30B5;;HSX.L;HISCOX;GB;GBP;London SE;;320;314;;;
20260901;SXXP;STOXX Europe 600;EU0009658202;DE80DC;;KBX.DE;KNORR BREMSE;DE;EUR;XETRA;;321;317;;;
20260901;SXXP;STOXX Europe 600;EU0009658202;445573;;EXOR.AS;EXOR NV;NL;EUR;Euronext Amsterdam;;322;328;;;
20260901;SXXP;STOXX Europe 600;EU0009658202;775125;;YAR.OL;YARA;NO;NOK;Oslo Bors;;323;322;;;
20260901;SXXP;STOXX Europe 600;EU0009658202;EB183;;FRES.L;FRESNILLO;GB;GBP;London SE;;324;376;;;
20260901;SXXP;STOXX Europe 600;EU0009658202;EF031;;EDEN.PA;EDENRED;FR;EUR;Euronext Paris;;325;331;;;
20260901;SXXP;STOXX Europe 600;EU0009658202;882217;;SJP.L;ST.JAMES'S PLACE CAPITAL;GB;GBP;London SE;;326;332;;;
20260901;SXXP;STOXX Europe 600;EU0009658202;005610;;ABF.L;ASSOCIATED BRITISH FOODS;GB;GBP;London SE;;327;315;;;
20260901;SXXP;STOXX Europe 600;EU0009658202;440822;;HMb.ST;HENNES & MAURITZ B;SE;SEK;NASDAQ Stockholm;;328;311;;;
20260901;SXXP;STOXX Europe 600;EU0009658202;045644;;ICGIN.L;ICG;GB;GBP;London SE;;329;326;;;
20260901;SXXP;STOXX Europe 600;EU0009658202;077940;;SDR.L;SCHRODERS;GB;GBP;London SE;;330;319;;;
20260901;SXXP;STOXX Europe 600;EU0009658202;076764;;SBRY.L;SAINSBURY (J);GB;GBP;London SE;;331;303;;;
20260901;SXXP;STOXX Europe 600;EU0009658202;DE7042;;DHER.DE;DELIVERY HERO;DE;EUR;XETRA;;332;307;;;
20260901;SXXP;STOXX Europe 600;EU0009658202;464246;;NKT.CO;NKT;DK;DKK;NASDAQ Copenhagen;;333;333;;;
20260901;SXXP;STOXX Europe 600;EU0009658202;024249;;DCC.L;DCC ENERGY;GB;GBP;London SE;;334;329;;;
20260901;SXXP;STOXX Europe 600;EU0009658202;465768;;ORK.OL;ORKLA;NO;NOK;Oslo Bors;;335;306;;;
20260901;SXXP;STOXX Europe 600;EU0009658202;SE40AK;;LIFCOb.ST;LIFCO B;SE;SEK;NASDAQ Stockholm;;336;320;;;
20260901;SXXP;STOXX Europe 600;EU0009658202;B0LL2W;;TRYG.CO;TRYG;DK;DKK;NASDAQ Copenhagen;;337;327;;;
20260901;SXXP;STOXX Europe 600;EU0009658202;B09M9F;;ELI.BR;ELIA GROUP;BE;EUR;Euronext Brussels;;338;337;;;
20260901;SXXP;STOXX Europe 600;EU0009658202;BE107X;;AOO.BR;AEDIFICA;BE;EUR;Euronext Brussels;;339;325;;;
20260901;SXXP;STOXX Europe 600;EU0009658202;DE5084;;SATG_p.DE;SARTORIUS PREF.;DE;EUR;XETRA;;340;366;;;
20260901;SXXP;STOXX Europe 600;EU0009658202;866457;;KCRA.HE;KONECRANES;FI;EUR;NASDAQ Helsinki;;341;351;;;
20260901;SXXP;STOXX Europe 600;EU0009658202;096970;;BAB.L;BABCOCK INTERNATIONAL;GB;GBP;London SE;;342;323;;;
20260901;SXXP;STOXX Europe 600;EU0009658202;507267;;STERV.HE;STORA ENSO R;FI;EUR;NASDAQ Helsinki;;343;340;;;
20260901;SXXP;STOXX Europe 600;EU0009658202;672716;;REDE.MC;Redeia Corporacion;ES;EUR;BME Exchange;;344;335;;;
20260901;SXXP;STOXX Europe 600;EU0009658202;486809;;ALSYDB.CO;AL SYDBANK;DK;DKK;NASDAQ Copenhagen;;345;354;;;
20260901;SXXP;STOXX Europe 600;EU0009658202;FR509K;;AMUN.PA;AMUNDI;FR;EUR;Euronext Paris;;346;338;;;
20260901;SXXP;STOXX Europe 600;EU0009658202;712797;;LPPP.WA;LPP;PL;PLN;Warsaw SE;;347;330;;;
20260901;SXXP;STOXX Europe 600;EU0009658202;471279;;RENA.PA;RENAULT;FR;EUR;Euronext Paris;;348;357;;;
20260901;SXXP;STOXX Europe 600;EU0009658202;418560;;IDR.MC;INDRA SISTEMAS;ES;EUR;BME Exchange;;349;352;;;
20260901;SXXP;STOXX Europe 600;EU0009658202;449000;;KESKOB.HE;KESKO;FI;EUR;NASDAQ Helsinki;;350;345;;;
20260901;SXXP;STOXX Europe 600;EU0009658202;083470;;SPX.L;SPIRAX;GB;GBP;London SE;;351;342;;;
20260901;SXXP;STOXX Europe 600;EU0009658202;098111;;KGF.L;KINGFISHER;GB;GBP;London SE;;352;339;;;
20260901;SXXP;STOXX Europe 600;EU0009658202;050450;;LAND.L;LAND SECURITIES;GB;GBP;London SE;;353;336;;;
20260901;SXXP;STOXX Europe 600;EU0009658202;447996;;JYSK.CO;JYSKE BANK;DK;DKK;NASDAQ Copenhagen;;354;367;;;
20260901;SXXP;STOXX Europe 600;EU0009658202;B0LDBX;;INDT.ST;INDUTRADE;SE;SEK;NASDAQ Stockholm;;355;349;;;
20260901;SXXP;STOXX Europe 600;EU0009658202;476876;;SPMI.MI;SAIPEM;IT;EUR;Borsa Italiana;;356;364;;;
20260901;SXXP;STOXX Europe 600;EU0009658202;NL402E;;IMCD.AS;IMCD;NL;EUR;Euronext Amsterdam;;357;379;;;
20260901;SXXP;STOXX Europe 600;EU0009658202;IT358R;;LTMC.MI;LOTTOMATICA GROUP;IT;EUR;Borsa Italiana;;358;365;;;
20260901;SXXP;STOXX Europe 600;EU0009658202;755087;;ACKB.BR;ACKERMANS & VAN HAAREN;BE;EUR;Euronext Brussels;;359;346;;;
20260901;SXXP;STOXX Europe 600;EU0009658202;B0R7JF;;IPN.PA;IPSEN;FR;EUR;Euronext Paris;;360;341;;;
20260901;SXXP;STOXX Europe 600;EU0009658202;DK101Z;;RILBA.CO;RINGKJOBING LANDBOBANK;DK;DKK;NASDAQ Copenhagen;;361;356;;;
20260901;SXXP;STOXX Europe 600;EU0009658202;713083;;NEXS.PA;NEXANS;FR;EUR;Euronext Paris;;362;368;;;
20260901;SXXP;STOXX Europe 600;EU0009658202;476240;;UHR.S;SWATCH BEARER;CH;CHF;Six Swiss Exchange;;363;358;;;
20260901;SXXP;STOXX Europe 600;EU0009658202;GB40XS;;BGEO.L;LION FINANCE GROUP;GB;GBP;London SE;;364;395;;;
20260901;SXXP;STOXX Europe 600;EU0009658202;BE30G8;;SYENS.BR;SYENSQO;BE;EUR;Euronext Brussels;;365;371;;;
20260901;SXXP;STOXX Europe 600;EU0009658202;429552;;EMSN.S;EMS-CHEMIE HLDG;CH;CHF;Six Swiss Exchange;;366;343;;;
20260901;SXXP;STOXX Europe 600;EU0009658202;B17H3F;;SSABb.ST;SSAB B;SE;SEK;NASDAQ Stockholm;;367;361;;;
20260901;SXXP;STOXX Europe 600;EU0009658202;547497;;ALSO.PA;ALSTOM;FR;EUR;Euronext Paris;;368;360;;;
20260901;SXXP;STOXX Europe 600;EU0009658202;486537;;SCAb.ST;SVENSKA CELLULOSA AKTIE. SCA B;SE;SEK;NASDAQ Stockholm;;369;375;;;
20260901;SXXP;STOXX Europe 600;EU0009658202;IT607O;;IG.MI;ITALGAS;IT;EUR;Borsa Italiana;;370;353;;;
20260901;SXXP;STOXX Europe 600;EU0009658202;SE103A;;NIBEb.ST;NIBE INDUSTRIER B;SE;SEK;NASDAQ Stockholm;;371;384;;;
20260901;SXXP;STOXX Europe 600;EU0009658202;DK4012;;ISS.CO;ISS AS;DK;DKK;NASDAQ Copenhagen;;372;362;;;
20260901;SXXP;STOXX Europe 600;EU0009658202;ES403D;;MRL.MC;MERLIN PROPERTIES SOCIMI;ES;EUR;BME Exchange;;373;334;;;
20260901;SXXP;STOXX Europe 600;EU0009658202;SE802G;;BEIJb.ST;BEIJER REF AB;SE;SEK;NASDAQ Stockholm;;374;392;;;
20260901;SXXP;STOXX Europe 600;EU0009658202;DE4061;;ZALG.DE;ZALANDO;DE;EUR;XETRA;;375;318;;;
20260901;SXXP;STOXX Europe 600;EU0009658202;DE50B7;;G24n.DE;SCOUT24;DE;EUR;XETRA;;376;369;;;
20260901;SXXP;STOXX Europe 600;EU0009658202;FR705I;;STDM.PA;SARTORIUS STEDIM BIOTECH;FR;EUR;Euronext Paris;;377;408;;;
20260901;SXXP;STOXX Europe 600;EU0009658202;479736;;SCOR.PA;SCOR;FR;EUR;Euronext Paris;;378;363;;;
20260901;SXXP;STOXX Europe 600;EU0009658202;714131;;ANDR.VI;ANDRITZ;AT;EUR;Wiener Boerse AG;;379;377;;;
20260901;SXXP;STOXX Europe 600;EU0009658202;SE00GM;;SAVE.ST;NORDNET;SE;SEK;NASDAQ Stockholm;;380;359;;;
20260901;SXXP;STOXX Europe 600;EU0009658202;NO602J;;FRO.OL;FRONTLINE;NO;NOK;Oslo Bors;;381;391;;;
20260901;SXXP;STOXX Europe 600;EU0009658202;B06QFB;;IGG.L;IG GRP HLDG;GB;GBP;London SE;;382;355;;;
20260901;SXXP;STOXX Europe 600;EU0009658202;423932;;ANA.MC;ACCIONA S.A.;ES;EUR;BME Exchange;;383;348;;;
20260901;SXXP;STOXX Europe 600;EU0009658202;B16KPT;;ABDN.L;ABERDEEN GROUP;GB;GBP;London SE;;384;381;;;
20260901;SXXP;STOXX Europe 600;EU0009658202;439155;;GBLB.BR;GRP BRUXELLES LAMBERT;BE;EUR;Euronext Brussels;;385;347;;;
20260901;SXXP;STOXX Europe 600;EU0009658202;CH103X;;SQN.S;SWISSQUOTE 'R';CH;CHF;Six Swiss Exchange;;386;372;;;
20260901;SXXP;STOXX Europe 600;EU0009658202;506088;;BMED.MI;BANCA MEDIOLANUM;IT;EUR;Borsa Italiana;;387;382;;;
20260901;SXXP;STOXX Europe 600;EU0009658202;900476;;CRDA.L;CRODA INTERNATIONAL;GB;GBP;London SE;;388;390;;;
20260901;SXXP;STOXX Europe 600;EU0009658202;570151;;ELISA.HE;ELISA CORPORATION;FI;EUR;NASDAQ Helsinki;;389;378;;;
20260901;SXXP;STOXX Europe 600;EU0009658202;705339;;RECI.MI;RECORDATI;IT;EUR;Borsa Italiana;;390;350;;;
20260901;SXXP;STOXX Europe 600;EU0009658202;BE601W;;LOTB.BR;LOTUS BAKERIES;BE;EUR;Euronext Brussels;;391;413;;;
20260901;SXXP;STOXX Europe 600;EU0009658202;008118;;BTRW.L;BARRATT REDROW;GB;GBP;London SE;;392;396;;;
20260901;SXXP;STOXX Europe 600;EU0009658202;GB60RO;;CTEC.L;CONVATEC PLC;GB;GBP;London SE;;393;373;;;
20260901;SXXP;STOXX Europe 600;EU0009658202;DE006X;;HAGG.DE;HENSOLDT;DE;EUR;XETRA;;394;399;;;
20260901;SXXP;STOXX Europe 600;EU0009658202;013670;;BLND.L;BRITISH LAND COMPANY;GB;GBP;London SE;;395;374;;;
20260901;SXXP;STOXX Europe 600;EU0009658202;494340;;VOES.VI;VOESTALPINE;AT;EUR;Wiener Boerse AG;;396;386;;;
20260901;SXXP;STOXX Europe 600;EU0009658202;055768;;HWDN.L;HOWDEN JOINERY GRP;GB;GBP;London SE;;397;387;;;
20260901;SXXP;STOXX Europe 600;EU0009658202;009616;;BALF.L;BALFOUR BEATTY;GB;GBP;London SE;;398;389;;;
20260901;SXXP;STOXX Europe 600;EU0009658202;DE305Z;;EVKn.DE;EVONIK INDUSTRIES;DE;EUR;XETRA;;399;419;;;
20260901;SXXP;STOXX Europe 600;EU0009658202;DE20C5;;P911_p.DE;DR ING HC F PORSCHE PREF.;DE;EUR;XETRA;;400;403;;;
20260901;SXXP;STOXX Europe 600;EU0009658202;400500;;UMI.BR;UMICORE;BE;EUR;Euronext Brussels;;401;411;;;
20260901;SXXP;STOXX Europe 600;EU0009658202;447723;;JMT.LS;JERONIMO MARTINS;PT;EUR;Euronext Lisbon;;402;400;;;
20260901;SXXP;STOXX Europe 600;EU0009658202;FR506H;;AM.PA;DASSAULT AVIATION;FR;EUR;Euronext Paris;;403;380;;;
20260901;SXXP;STOXX Europe 600;EU0009658202;GR502E;;MTLNr.AT;METLEN ENERGY & METALS;GR;EUR;ATHENS SE;;404;;;;
20260901;SXXP;STOXX Europe 600;EU0009658202;NO002D;;GJFG.OL;GJENSIDIGE FORSIKRING;NO;NOK;Oslo Bors;;405;394;;;
20260901;SXXP;STOXX Europe 600;EU0009658202;097404;;WPP.L;WPP;GB;GBP;London SE;;406;462;;;
20260901;SXXP;STOXX Europe 600;EU0009658202;B06T8C;;SB1NO.OL;SPAREBANK 1 SOR-NORGE ASA;NO;NOK;Oslo Bors;;407;406;;;
20260901;SXXP;STOXX Europe 600;EU0009658202;GB50A6;;AUTOA.L;AUTOTRADER GROUP;GB;GBP;London SE;;408;385;;;
20260901;SXXP;STOXX Europe 600;EU0009658202;096050;;WTB.L;WHITBREAD;GB;GBP;London SE;;409;393;;;
20260901;SXXP;STOXX Europe 600;EU0009658202;IT304I;;TPRO.MI;TECHNOPROBE SPA;IT;EUR;Borsa Italiana;;410;414;;;
20260901;SXXP;STOXX Europe 600;EU0009658202;GB2092;;LMPL.L;LONDONMETRIC PROPERTY PLC;GB;GBP;London SE;;411;388;;;
20260901;SXXP;STOXX Europe 600;EU0009658202;481830;;EXHO.PA;SODEXO;FR;EUR;Euronext Paris;;412;402;;;
20260901;SXXP;STOXX Europe 600;EU0009658202;B06CF7;;NDXG.DE;NORDEX;DE;EUR;XETRA;;413;397;;;
20260901;SXXP;STOXX Europe 600;EU0009658202;438520;;GETIb.ST;GETINGE B;SE;SEK;NASDAQ Stockholm;;414;404;;;
20260901;SXXP;STOXX Europe 600;EU0009658202;EF024;;GETP.PA;Getlink;FR;EUR;Euronext Paris;;415;407;;;
20260901;SXXP;STOXX Europe 600;EU0009658202;453770;;LHAG.DE;LUFTHANSA;DE;EUR;XETRA;;416;370;;;
20260901;SXXP;STOXX Europe 600;EU0009658202;B0R80X;;AVOL.S;AVOLTA;CH;CHF;Six Swiss Exchange;;417;409;;;
20260901;SXXP;STOXX Europe 600;EU0009658202;929718;;GF.S;GEORG FISCHER;CH;CHF;Six Swiss Exchange;;418;421;;;
20260901;SXXP;STOXX Europe 600;EU0009658202;075069;;ROR.L;ROTORK;GB;GBP;London SE;;419;405;;;
20260901;SXXP;STOXX Europe 600;EU0009658202;317430;;BRBY.L;BURBERRY;GB;GBP;London SE;;420;383;;;
20260901;SXXP;STOXX Europe 600;EU0009658202;IE102Z;;GL9.I;GLANBIA;IE;EUR;Euronext Dublin;;421;412;;;
20260901;SXXP;STOXX Europe 600;EU0009658202;916775;;SBMO.AS;SBM OFFSHORE;NL;EUR;Euronext Amsterdam;;422;426;;;
20260901;SXXP;STOXX Europe 600;EU0009658202;440875;;AVANZ.ST;AVANZA BANK HLDG;SE;SEK;NASDAQ Stockholm;;423;416;;;
20260901;SXXP;STOXX Europe 600;EU0009658202;GB70MK;;BBOXT.L;TRITAX BIG BOX REIT;GB;GBP;London SE;;424;417;;;
20260901;SXXP;STOXX Europe 600;EU0009658202;400702;;ADEN.S;ADECCO;CH;CHF;Six Swiss Exchange;;425;427;;;
20260901;SXXP;STOXX Europe 600;EU0009658202;B0MFTM;;RMV.L;RIGHTMOVE GRP;GB;GBP;London SE;;426;434;;;
20260901;SXXP;STOXX Europe 600;EU0009658202;CH7011;;GALE.S;GALENICA SANTE AG;CH;CHF;Six Swiss Exchange;;427;410;;;
20260901;SXXP;STOXX Europe 600;EU0009658202;SE601D;;MYCR.ST;MYCRONIC;SE;SEK;NASDAQ Stockholm;;428;422;;;
20260901;SXXP;STOXX Europe 600;EU0009658202;068253;;PSN.L;PERSIMMON;GB;GBP;London SE;;429;430;;;
20260901;SXXP;STOXX Europe 600;EU0009658202;472370;;RAND.AS;RANDSTAD;NL;EUR;Euronext Amsterdam;;430;448;;;
20260901;SXXP;STOXX Europe 600;EU0009658202;B019M6;;AZMT.MI;AZIMUT HLDG;IT;EUR;Borsa Italiana;;431;429;;;
20260901;SXXP;STOXX Europe 600;EU0009658202;CH809A;;SIGNC.S;SIG GROUP AG;CH;CHF;Six Swiss Exchange;;432;401;;;
20260901;SXXP;STOXX Europe 600;EU0009658202;469678;;PSHG_p.DE;PORSCHE AUTOMOBIL HLDG PREF;DE;EUR;XETRA;;433;418;;;
20260901;SXXP;STOXX Europe 600;EU0009658202;GB90AA;;CCC.L;COMPUTACENTER;GB;GBP;London SE;;434;479;;;
20260901;SXXP;STOXX Europe 600;EU0009658202;DE8054;;NEKG.DE;NEMETSCHEK;DE;EUR;XETRA;;435;467;;;
20260901;SXXP;STOXX Europe 600;EU0009658202;DE40B6;;R3NK.DE;RENK;DE;EUR;XETRA;;436;445;;;
20260901;SXXP;STOXX Europe 600;EU0009658202;547692;;BARN.S;BARRY CALLEBAUT;CH;CHF;Six Swiss Exchange;;437;423;;;
20260901;SXXP;STOXX Europe 600;EU0009658202;NO20FS;;VAR.OL;VAR ENERGI;NO;NOK;Oslo Bors;;438;446;;;
20260901;SXXP;STOXX Europe 600;EU0009658202;595140;;FHZN.S;FLUGHAFEN ZURICH;CH;CHF;Six Swiss Exchange;;439;398;;;
20260901;SXXP;STOXX Europe 600;EU0009658202;FI3022;;VALMT.HE;Valmet;FI;EUR;NASDAQ Helsinki;;440;460;;;
20260901;SXXP;STOXX Europe 600;EU0009658202;492644;;VLLP.PA;VALLOUREC;FR;EUR;Euronext Paris;;441;476;;;
20260901;SXXP;STOXX Europe 600;EU0009658202;538755;;MAP.MC;MAPFRE;ES;EUR;BME Exchange;;442;432;;;
20260901;SXXP;STOXX Europe 600;EU0009658202;513962;;AALB.AS;AALBERTS;NL;EUR;Euronext Amsterdam;;443;444;;;
20260901;SXXP;STOXX Europe 600;EU0009658202;414305;;MBK.WA;MBANK;PL;PLN;Warsaw SE;;444;433;;;
20260901;SXXP;STOXX Europe 600;EU0009658202;030964;;RS1R.L;RS Group;GB;GBP;London SE;;445;455;;;
20260901;SXXP;STOXX Europe 600;EU0009658202;EL004;;EDPR.LS;EDP RENEWABLES;PT;EUR;Euronext Lisbon;;446;442;;;
20260901;SXXP;STOXX Europe 600;EU0009658202;029440;;EMG.L;MAN GRP;GB;GBP;London SE;;447;440;;;
20260901;SXXP;STOXX Europe 600;EU0009658202;FR502D;;ELIS.PA;ELIS;FR;EUR;Euronext Paris;;448;428;;;
20260901;SXXP;STOXX Europe 600;EU0009658202;482030;;SOF.BR;SOFINA;BE;EUR;Euronext Brussels;;449;438;;;
20260901;SXXP;STOXX Europe 600;EU0009658202;BE105V;;WDPP.BR;WDP;BE;EUR;Euronext Brussels;;450;420;;;
20260901;SXXP;STOXX Europe 600;EU0009658202;714789;;TEMN.S;TEMENOS;CH;CHF;Six Swiss Exchange;;451;468;;;
20260901;SXXP;STOXX Europe 600;EU0009658202;546834;;AIXGn.DE;AIXTRON;DE;EUR;XETRA;;452;437;;;
20260901;SXXP;STOXX Europe 600;EU0009658202;B1CRLC;;MNDI.L;MONDI;GB;GBP;London SE;;453;431;;;
20260901;SXXP;STOXX Europe 600;EU0009658202;FR703G;;AYV.PA;Ayvens;FR;EUR;Euronext Paris;;454;435;;;
20260901;SXXP;STOXX Europe 600;EU0009658202;SE607J;;LAGRb.ST;LAGERCRANTZ GROUP 'B';SE;SEK;NASDAQ Stockholm;;455;441;;;
20260901;SXXP;STOXX Europe 600;EU0009658202;NO503J;;VEND.OL;VEND MARKETPLACES;NO;NOK;Oslo Bors;;456;459;;;
20260901;SXXP;STOXX Europe 600;EU0009658202;442170;;HRMr.AT;GEK TERNA;GR;EUR;ATHENS SE;;457;;;;
20260901;SXXP;STOXX Europe 600;EU0009658202;PL704L;;DNP.WA;DINO POLSKA SA;PL;PLN;Warsaw SE;;458;474;;;
20260901;SXXP;STOXX Europe 600;EU0009658202;738307;;ENAG.MC;ENAGAS;ES;EUR;BME Exchange;;459;447;;;
20260901;SXXP;STOXX Europe 600;EU0009658202;548552;;NAFG.DE;AURUBIS;DE;EUR;XETRA;;460;415;;;
20260901;SXXP;STOXX Europe 600;EU0009658202;NO10CO;;SALM.OL;SALMAR;NO;NOK;Oslo Bors;;461;469;;;
20260901;SXXP;STOXX Europe 600;EU0009658202;ES705I;;UNI.MC;UNICAJA BANCO S.A.;ES;EUR;BME Exchange;;462;466;;;
20260901;SXXP;STOXX Europe 600;EU0009658202;424749;;IETB.BR;D'IETEREN GROUP;BE;EUR;Euronext Brussels;;463;449;;;
20260901;SXXP;STOXX Europe 600;EU0009658202;599623;;MORr.AT;MOTOR OIL (HELLAS);GR;EUR;ATHENS SE;;464;;;;
20260901;SXXP;STOXX Europe 600;EU0009658202;432684;;BCVN.S;BANQUE CANTONALE VAUDOISE;CH;CHF;Six Swiss Exchange;;465;456;;;
20260901;SXXP;STOXX Europe 600;EU0009658202;466160;;VERB.VI;VERBUND;AT;EUR;Wiener Boerse AG;;466;452;;;
20260901;SXXP;STOXX Europe 600;EU0009658202;B0BN7W;;TUB.BR;FINANCIERE DE TUBIZE;BE;EUR;Euronext Brussels;;467;436;;;
20260901;SXXP;STOXX Europe 600;EU0009658202;317731;;INVP.L;INVESTEC;GB;GBP;London SE;;468;425;;;
20260901;SXXP;STOXX Europe 600;EU0009658202;FR106D;;TE.PA;Technip Energies;FR;EUR;Euronext Paris;;469;454;;;
20260901;SXXP;STOXX Europe 600;EU0009658202;B0Z5YZ;;AKE.PA;ARKEMA;FR;EUR;Euronext Paris;;470;463;;;
20260901;SXXP;STOXX Europe 600;EU0009658202;453800;;LUNDb.ST;LUNDBERGFORETAGEN B;SE;SEK;NASDAQ Stockholm;;471;461;;;
20260901;SXXP;STOXX Europe 600;EU0009658202;B1GGWB;;BGN.MI;BCA GENERALI;IT;EUR;Borsa Italiana;;472;464;;;
20260901;SXXP;STOXX Europe 600;EU0009658202;PL701I;;BFT.WA;BENEFIT SYSTEMS;PL;PLN;Warsaw SE;;473;458;;;
20260901;SXXP;STOXX Europe 600;EU0009658202;GB60DA;;ENT.L;ENTAIN;GB;GBP;London SE;;474;443;;;
20260901;SXXP;STOXX Europe 600;EU0009658202;PL409N;;ZAB.WA;ZABKA GROUP;PL;PLN;Warsaw SE;;475;457;;;
20260901;SXXP;STOXX Europe 600;EU0009658202;AT502A;;ATSV.VI;AT&S AUSTRIA TECH.&SYSTEMTECH;AT;EUR;Wiener Boerse AG;;476;496;;;
20260901;SXXP;STOXX Europe 600;EU0009658202;SE80CQ;;SECTb.ST;SECTRA 'B';SE;SEK;NASDAQ Stockholm;;477;473;;;
20260901;SXXP;STOXX Europe 600;EU0009658202;PL106H;;CDR.WA;CD PROJEKT RED SA;PL;PLN;Warsaw SE;;478;439;;;
20260901;SXXP;STOXX Europe 600;EU0009658202;009417;;BKGH.L;BERKELEY GRP HLDG;GB;GBP;London SE;;479;465;;;
20260901;SXXP;STOXX Europe 600;EU0009658202;DE301V;;LEGn.DE;LEG IMMOBILIEN;DE;EUR;XETRA;;480;451;;;
20260901;SXXP;STOXX Europe 600;EU0009658202;DK1053;;ALKb.CO;ALK-ABELLO B;DK;DKK;NASDAQ Copenhagen;;481;450;;;
20260901;SXXP;STOXX Europe 600;EU0009658202;GB5130;;ROSE.L;ROSEBANK INDUSTRIES;GB;GBP;London SE;;482;;;;
20260901;SXXP;STOXX Europe 600;EU0009658202;523280;;CAST.ST;CASTELLUM;SE;SEK;NASDAQ Stockholm;;483;424;;;
20260901;SXXP;STOXX Europe 600;EU0009658202;549913;;A2.MI;A2A;IT;EUR;Borsa Italiana;;484;475;;;
20260901;SXXP;STOXX Europe 600;EU0009658202;599933;;TEPRF.PA;TELEPERFORMANCE;FR;EUR;Euronext Paris;;485;494;;;
20260901;SXXP;STOXX Europe 600;EU0009658202;B01MJR;;BIOX.PA;BIOMERIEUX;FR;EUR;Euronext Paris;;486;488;;;
20260901;SXXP;STOXX Europe 600;EU0009658202;B164FY;;ADP.PA;ADP;FR;EUR;Euronext Paris;;487;487;;;
20260901;SXXP;STOXX Europe 600;EU0009658202;SE60HT;;OCTVsdb.ST;OCTAVE INTELLIGENCE SDR;SE;SEK;NASDAQ Stockholm;;488;497;;;
20260901;SXXP;STOXX Europe 600;EU0009658202;715672;;CPRI.MI;DAVIDE CAMPARI;IT;EUR;Borsa Italiana;;489;471;;;
20260901;SXXP;STOXX Europe 600;EU0009658202;NL103C;;INPST.AS;INPOST;NL;EUR;Euronext Amsterdam;;490;472;;;
20260901;SXXP;STOXX Europe 600;EU0009658202;B1YWXY;;KBCA.BR;KBC ANCORA;BE;EUR;Euronext Brussels;;491;491;;;
20260901;SXXP;STOXX Europe 600;EU0009658202;087823;;TW.L;TAYLOR WIMPEY;GB;GBP;London SE;;492;502;;;
20260901;SXXP;STOXX Europe 600;EU0009658202;GB32XT;;PAFR.L;PAN AFRICAN RESOURCES;GB;GBP;London SE;;493;663;;;
20260901;SXXP;STOXX Europe 600;EU0009658202;DE10D5;;FTKn.DE;FLATEXDEGIRO N;DE;EUR;XETRA;;494;501;;;
20260901;SXXP;STOXX Europe 600;EU0009658202;046025;;INCH.L;INCHCAPE;GB;GBP;London SE;;495;480;;;
20260901;SXXP;STOXX Europe 600;EU0009658202;DE104W;;EVDG.DE;CTS EVENTIM;DE;EUR;XETRA;;496;482;;;
20260901;SXXP;STOXX Europe 600;EU0009658202;B02R4D;;AKER.OL;AKER A;NO;NOK;Oslo Bors;;497;546;;;
20260901;SXXP;STOXX Europe 600;EU0009658202;521711;;DEMANT.CO;DEMANT;DK;DKK;NASDAQ Copenhagen;;498;493;;;
20260901;SXXP;STOXX Europe 600;EU0009658202;GB60B8;;CWK.L;CRANSWICK;GB;GBP;London SE;;499;485;;;
20260901;SXXP;STOXX Europe 600;EU0009658202;NL404G;;CVC.AS;CVC CAPITAL PARTNERS;NL;EUR;Euronext Amsterdam;;500;478;;;
20260901;SXXP;STOXX Europe 600;EU0009658202;400523;;ACX.MC;ACERINOX;ES;EUR;BME Exchange;;501;499;;;
20260901;SXXP;STOXX Europe 600;EU0009658202;047640;;JMAT.L;JOHNSON MATTHEY;GB;GBP;London SE;;502;453;;;
20260901;SXXP;STOXX Europe 600;EU0009658202;SE10RY;;BALDb.ST;FASTIGHETS BALDER B;SE;SEK;NASDAQ Stockholm;;503;489;;;
20260901;SXXP;STOXX Europe 600;EU0009658202;SE50KV;;SAGAb.ST;SAGAX 'B';SE;SEK;NASDAQ Stockholm;;504;483;;;
20260901;SXXP;STOXX Europe 600;EU0009658202;413234;;INGP.WA;ING BANK SLASKI BSK;PL;PLN;Warsaw SE;;505;492;;;
20260901;SXXP;STOXX Europe 600;EU0009658202;FR90ET;;SOIT.PA;SOITEC;FR;EUR;Euronext Paris;;506;512;;;
20260901;SXXP;STOXX Europe 600;EU0009658202;GB4195;;ZEG.L;ZEGONA COMMUNICATIONS;GB;GBP;London SE;;507;517;;;
20260901;SXXP;STOXX Europe 600;EU0009658202;591427;;ALLN.S;ALLREAL HLDG;CH;CHF;Six Swiss Exchange;;508;477;;;
20260901;SXXP;STOXX Europe 600;EU0009658202;439180;;GFCP.PA;GECINA;FR;EUR;Euronext Paris;;509;470;;;
20260901;SXXP;STOXX Europe 600;EU0009658202;SE10BI;;AAK.ST;AAK;SE;SEK;NASDAQ Stockholm;;510;484;;;
20260901;SXXP;STOXX Europe 600;EU0009658202;ES032;;LOOMIS.ST;LOOMIS;SE;SEK;NASDAQ Stockholm;;511;503;;;
20260901;SXXP;STOXX Europe 600;EU0009658202;DE1080;;RAAG.DE;RATIONAL;DE;EUR;XETRA;;512;481;;;
20260901;SXXP;STOXX Europe 600;EU0009658202;PL702J;;XTB.WA;XTB SA;PL;PLN;Warsaw SE;;513;566;;;
20260901;SXXP;STOXX Europe 600;EU0009658202;GB50VR;;SCTS.L;SOFTCAT;GB;GBP;London SE;;514;519;;;
20260901;SXXP;STOXX Europe 600;EU0009658202;038112;;ITV.L;ITV;GB;GBP;London SE;;515;490;;;
20260901;SXXP;STOXX Europe 600;EU0009658202;FI31QR;;MANTA.HE;Mandatum;FI;EUR;NASDAQ Helsinki;;516;515;;;
20260901;SXXP;STOXX Europe 600;EU0009658202;444747;;HUH1V.HE;HUHTAMAKI;FI;EUR;NASDAQ Helsinki;;517;510;;;
20260901;SXXP;STOXX Europe 600;EU0009658202;DE40C7;;TUI1n.DE;TUI;DE;EUR;XETRA;;518;486;;;
20260901;SXXP;STOXX Europe 600;EU0009658202;042364;;MTO.L;MITIE GROUP;GB;GBP;London SE;;519;507;;;
20260901;SXXP;STOXX Europe 600;EU0009658202;DE10IA;;AG1G.DE;AUTO1 GROUP;DE;EUR;XETRA;;520;506;;;
20260901;SXXP;STOXX Europe 600;EU0009658202;492624;;VLOF.PA;VALEO;FR;EUR;Euronext Paris;;521;498;;;
20260901;SXXP;STOXX Europe 600;EU0009658202;IT102E;;ITPG.MI;INTERPUMP GRP;IT;EUR;Borsa Italiana;;522;528;;;
20260901;SXXP;STOXX Europe 600;EU0009658202;DE3060;;KGX.DE;KION GROUP;DE;EUR;XETRA;;523;550;;;
20260901;SXXP;STOXX Europe 600;EU0009658202;759800;;HRA.MI;HERA;IT;EUR;Borsa Italiana;;524;511;;;
20260901;SXXP;STOXX Europe 600;EU0009658202;CH8078;;SFZN.S;SIEGFRIED 'R';CH;CHF;Six Swiss Exchange;;525;500;;;
20260901;SXXP;STOXX Europe 600;EU0009658202;526357;;FLS.CO;FLSMIDTH & COMPANY;DK;DKK;NASDAQ Copenhagen;;526;573;;;
20260901;SXXP;STOXX Europe 600;EU0009658202;576920;;ARDS.AS;ARCADIS;NL;EUR;Euronext Amsterdam;;527;544;;;
20260901;SXXP;STOXX Europe 600;EU0009658202;DE7086;;BC8G.DE;BECHTLE;DE;EUR;XETRA;;528;520;;;
20260901;SXXP;STOXX Europe 600;EU0009658202;CH9068;;IFCN.S;INFICON;CH;CHF;Six Swiss Exchange;;529;513;;;
20260901;SXXP;STOXX Europe 600;EU0009658202;B0MBCM;;DRX.L;DRAX GRP;GB;GBP;London SE;;530;525;;;
20260901;SXXP;STOXX Europe 600;EU0009658202;CH5064;;SUNN.S;SUNRISE N A;CH;CHF;Six Swiss Exchange;;531;509;;;
20260901;SXXP;STOXX Europe 600;EU0009658202;007937;;SRP.L;SERCO GRP;GB;GBP;London SE;;532;538;;;
20260901;SXXP;STOXX Europe 600;EU0009658202;597895;;ACPP.WA;ASSECO POLAND;PL;PLN;Warsaw SE;;533;584;;;
20260901;SXXP;STOXX Europe 600;EU0009658202;GB21IC;;PLUSP.L;PLUS500;GB;GBP;London SE;;534;504;;;
20260901;SXXP;STOXX Europe 600;EU0009658202;491039;;BZU.MI;BUZZI;IT;EUR;Borsa Italiana;;535;508;;;
20260901;SXXP;STOXX Europe 600;EU0009658202;IT90BV;;NEXII.MI;NEXI SPA;IT;EUR;Borsa Italiana;;536;523;;;
20260901;SXXP;STOXX Europe 600;EU0009658202;485471;;SUN.S;SULZER;CH;CHF;Six Swiss Exchange;;537;547;;;
20260901;SXXP;STOXX Europe 600;EU0009658202;IT201E;;BCU.MI;BRUNELLO CUCINELLI;IT;EUR;Borsa Italiana;;538;516;;;
20260901;SXXP;STOXX Europe 600;EU0009658202;016419;;EZJ.L;EASYJET;GB;GBP;London SE;;539;540;;;
20260901;SXXP;STOXX Europe 600;EU0009658202;IT10AM;;DLG.MI;DE LONGHI;IT;EUR;Borsa Italiana;;540;534;;;
20260901;SXXP;STOXX Europe 600;EU0009658202;CH909B;;VZN.S;VZ HOLDING 'N';CH;CHF;Six Swiss Exchange;;541;574;;;
20260901;SXXP;STOXX Europe 600;EU0009658202;486097;;BAMN.AS;BAM GROEP KON.;NL;EUR;Euronext Amsterdam;;542;518;;;
20260901;SXXP;STOXX Europe 600;EU0009658202;GB90KK;;AAF.L;AIRTEL AFRICA PLC;GB;GBP;London SE;;543;514;;;
20260901;SXXP;STOXX Europe 600;EU0009658202;724353;;BABr.AT;JUMBO;GR;EUR;ATHENS SE;;544;;;;
20260901;SXXP;STOXX Europe 600;EU0009658202;007100;;TCAPI.L;TP ICAP;GB;GBP;London SE;;545;522;;;
20260901;SXXP;STOXX Europe 600;EU0009658202;B01SPF;;GRLS.MC;GRIFOLS;ES;EUR;BME Exchange;;546;521;;;
20260901;SXXP;STOXX Europe 600;EU0009658202;582300;;FNTGn.DE;FREENET;DE;EUR;XETRA;;547;527;;;
20260901;SXXP;STOXX Europe 600;EU0009658202;GB90BB;;PHP.L;PRIMARY HEALTH PROPS.;GB;GBP;London SE;;548;532;;;
20260901;SXXP;STOXX Europe 600;EU0009658202;IT703L;;REY.MI;REPLY;IT;EUR;Borsa Italiana;;549;572;;;
20260901;SXXP;STOXX Europe 600;EU0009658202;521638;;KTY.WA;KETY;PL;PLN;Warsaw SE;;550;533;;;
20260901;SXXP;STOXX Europe 600;EU0009658202;547643;;HUBN.S;HUBER+SUHNER 'R';CH;CHF;Six Swiss Exchange;;551;495;;;
20260901;SXXP;STOXX Europe 600;EU0009658202;904076;;BWY.L;BELLWAY;GB;GBP;London SE;;552;556;;;
20260901;SXXP;STOXX Europe 600;EU0009658202;407732;;MILP.WA;BANK MILLENNIUM;PL;PLN;Warsaw SE;;553;524;;;
20260901;SXXP;STOXX Europe 600;EU0009658202;CH301X;;CMBN.S;CEMBRA MONEY BANK;CH;CHF;Six Swiss Exchange;;554;526;;;
20260901;SXXP;STOXX Europe 600;EU0009658202;IT708Q;;PIRC.MI;PIRELLI & C. S.P.A.;IT;EUR;Borsa Italiana;;555;536;;;
20260901;SXXP;STOXX Europe 600;EU0009658202;B0LCW0;;HIK.L;HIKMA PHARMACEUTICALS;GB;GBP;London SE;;556;531;;;
20260901;SXXP;STOXX Europe 600;EU0009658202;505160;;OTEr.AT;OTE;GR;EUR;ATHENS SE;;557;;;;
20260901;SXXP;STOXX Europe 600;EU0009658202;GB40FA;;BMEB.L;B&M EUROPEAN VALUE RETAIL;GB;GBP;London SE;;558;564;;;
20260901;SXXP;STOXX Europe 600;EU0009658202;NO108K;;NOD.OL;NORDIC SEMICONDUCTOR;NO;NOK;Oslo Bors;;559;559;;;
20260901;SXXP;STOXX Europe 600;EU0009658202;GB90GG;;TBCG.L;TBC BANK GROUP;GB;GBP;London SE;;560;557;;;
20260901;SXXP;STOXX Europe 600;EU0009658202;GB1F07;;BPTB.L;BRIDGEPOINT GROUP;GB;GBP;London SE;;561;553;;;
20260901;SXXP;STOXX Europe 600;EU0009658202;409830;;GBFG.DE;BILFINGER;DE;EUR;XETRA;;562;551;;;
20260901;SXXP;STOXX Europe 600;EU0009658202;492109;;VONN.S;VONTOBEL;CH;CHF;Six Swiss Exchange;;563;569;;;
20260901;SXXP;STOXX Europe 600;EU0009658202;NL608M;;CSG.AS;CSG A;NL;EUR;Euronext Amsterdam;;564;587;;;
20260901;SXXP;STOXX Europe 600;EU0009658202;IT14M2;;IVG.MI;IVECO GROUP;IT;EUR;Borsa Italiana;;565;548;;;
20260901;SXXP;STOXX Europe 600;EU0009658202;GB80DC;;QLT.L;QUILTER;GB;GBP;London SE;;566;543;;;
20260901;SXXP;STOXX Europe 600;EU0009658202;CH105Z;;COTNE.S;COMET HOLDINGS 'R';CH;CHF;Six Swiss Exchange;;567;552;;;
20260901;SXXP;STOXX Europe 600;EU0009658202;471310;;RUBF.PA;RUBIS;FR;EUR;Euronext Paris;;568;549;;;
20260901;SXXP;STOXX Europe 600;EU0009658202;GB701Z;;HILS.L;HILL & SMITH;GB;GBP;London SE;;569;561;;;
20260901;SXXP;STOXX Europe 600;EU0009658202;774563;;CVO.PA;COVIVIO;FR;EUR;Euronext Paris;;570;529;;;
20260901;SXXP;STOXX Europe 600;EU0009658202;710725;;ALWr.AT;ALLWYN;GR;EUR;ATHENS SE;;571;;;;
20260901;SXXP;STOXX Europe 600;EU0009658202;B0BV89;;MOBN.S;MOBIMO HLDG;CH;CHF;Six Swiss Exchange;;572;539;;;
20260901;SXXP;STOXX Europe 600;EU0009658202;PL303G;;ALRR.WA;ALIOR BANK;PL;PLN;Warsaw SE;;573;537;;;
20260901;SXXP;STOXX Europe 600;EU0009658202;NO804N;;SBNOR.OL;SPAREBANKEN NORGE;NO;NOK;Oslo Bors;;574;568;;;
20260901;SXXP;STOXX Europe 600;EU0009658202;FR702F;;SOPR.PA;SOPRA STERIA GROUP;FR;EUR;Euronext Paris;;575;542;;;
20260901;SXXP;STOXX Europe 600;EU0009658202;569620;;TECN.S;TECAN;CH;CHF;Six Swiss Exchange;;576;578;;;
20260901;SXXP;STOXX Europe 600;EU0009658202;GB10QI;;HBR.L;HARBOUR ENERGY;GB;GBP;London SE;;577;590;;;
20260901;SXXP;STOXX Europe 600;EU0009658202;BE11G7;;AZE.BR;AZELIS GROUP;BE;EUR;Euronext Brussels;;578;594;;;
20260901;SXXP;STOXX Europe 600;EU0009658202;506472;;PUMG.DE;PUMA;DE;EUR;XETRA;;579;530;;;
20260901;SXXP;STOXX Europe 600;EU0009658202;576162;;SDFGn.DE;K + S;DE;EUR;XETRA;;580;599;;;
20260901;SXXP;STOXX Europe 600;EU0009658202;082699;;PNN.L;PENNON GRP;GB;GBP;London SE;;581;580;;;
20260901;SXXP;STOXX Europe 600;EU0009658202;739160;;BKWB.S;BKW;CH;CHF;Six Swiss Exchange;;582;535;;;
20260901;SXXP;STOXX Europe 600;EU0009658202;435435;;FPE3_p.DE;FUCHS PREF;DE;EUR;XETRA;;583;560;;;
20260901;SXXP;STOXX Europe 600;EU0009658202;SE10IP;;LATOb.ST;LATOUR INVESTMENT B;SE;SEK;NASDAQ Stockholm;;584;558;;;
20260901;SXXP;STOXX Europe 600;EU0009658202;465975;;VOPA.AS;VOPAK;NL;EUR;Euronext Amsterdam;;585;555;;;
20260901;SXXP;STOXX Europe 600;EU0009658202;SE51O0;;VSURE.ST;VERISURE;SE;EUR;NASDAQ Stockholm;;586;505;;;
20260901;SXXP;STOXX Europe 600;EU0009658202;B0WMWD;;QQ.L;QINETIQ GRP;GB;GBP;London SE;;587;563;;;
20260901;SXXP;STOXX Europe 600;EU0009658202;FR90GV;;FDJU.PA;FDJ UNITED;FR;EUR;Euronext Paris;;588;577;;;
20260901;SXXP;STOXX Europe 600;EU0009658202;CH4030;;SFSN.S;SFS GROUP;CH;CHF;Six Swiss Exchange;;589;575;;;
20260901;SXXP;STOXX Europe 600;EU0009658202;471349;;ROCKb.CO;ROCKWOOL B;DK;DKK;NASDAQ Copenhagen;;590;570;;;
20260901;SXXP;STOXX Europe 600;EU0009658202;670375;;VLAN.AS;VAN LANSCHOT KEMPEN;NL;EUR;Euronext Amsterdam;;591;583;;;
20260901;SXXP;STOXX Europe 600;EU0009658202;GB20F8;;UTG.L;UNITE GROUP PLC;GB;GBP;London SE;;592;579;;;
20260901;SXXP;STOXX Europe 600;EU0009658202;040650;;HMSO.L;HAMMERSON;GB;GBP;London SE;;593;600;;;
20260901;SXXP;STOXX Europe 600;EU0009658202;SE50JU;;BRAV.ST;BRAVIDA HOLDING AB;SE;SEK;NASDAQ Stockholm;;594;593;;;
20260901;SXXP;STOXX Europe 600;EU0009658202;B0BKSS;;VIGR.VI;VIENNA INSURANCE;AT;EUR;Wiener Boerse AG;;595;589;;;
20260901;SXXP;STOXX Europe 600;EU0009658202;B09M9L;;HIAB.HE;HIAB;FI;EUR;NASDAQ Helsinki;;596;601;;;
20260901;SXXP;STOXX Europe 600;EU0009658202;CH002V;;BANB.S;BACHEM HOLDING;CH;CHF;Six Swiss Exchange;;597;588;;;
20260901;SXXP;STOXX Europe 600;EU0009658202;528648;;VATN.S;VALIANT;CH;CHF;Six Swiss Exchange;;598;554;;;
20260901;SXXP;STOXX Europe 600;EU0009658202;CH201W;;DKSH.S;DKSH HOLDING;CH;CHF;Six Swiss Exchange;;599;576;;;
20260901;SXXP;STOXX Europe 600;EU0009658202;SE50V6;;ASMDEEb.ST;ASMODEE GROUP B;SE;SEK;NASDAQ Stockholm;;600;595;;;
20260901;SXXP;STOXX Europe 600;EU0009658202;492670;;SCYR.MC;SACYR;ES;EUR;BME Exchange;;601;545;;;
20260901;SXXP;STOXX Europe 600;EU0009658202;B1FW50;;HOCM.L;HOCHSCHILD MINING;GB;GBP;London SE;;602;722;;;
20260901;SXXP;STOXX Europe 600;EU0009658202;B28DT4;;STRV.VI;STRABAG;AT;EUR;Wiener Boerse AG;;603;624;;;
20260901;SXXP;STOXX Europe 600;EU0009658202;026527;;DLN.L;DERWENT LONDON;GB;GBP;London SE;;604;567;;;
20260901;SXXP;STOXX Europe 600;EU0009658202;NL106F;;ALLFG.AS;ALLFUNDS GROUP;NL;EUR;Euronext Amsterdam;;605;591;;;
20260901;SXXP;STOXX Europe 600;EU0009658202;532167;;TGS.OL;TGS ASA;NO;NOK;Oslo Bors;;606;608;;;
20260901;SXXP;STOXX Europe 600;EU0009658202;NO101D;;MING.OL;SPAREBANK 1 SMN;NO;NOK;Oslo Bors;;607;613;;;
20260901;SXXP;STOXX Europe 600;EU0009658202;ES408I;;PUIGb.MC;PUIG BRANDS B;ES;EUR;BME Exchange;;608;620;;;
20260901;SXXP;STOXX Europe 600;EU0009658202;GB90NN;;HTWS.L;HELIOS TOWERS PLC;GB;GBP;London SE;;609;619;;;
20260901;SXXP;STOXX Europe 600;EU0009658202;DK904A;;ZELA.CO;ZEALAND PHARMA;DK;DKK;NASDAQ Copenhagen;;610;562;;;
20260901;SXXP;STOXX Europe 600;EU0009658202;GB1ELR;;KLR.L;KELLER;GB;GBP;London SE;;611;571;;;
20260901;SXXP;STOXX Europe 600;EU0009658202;440755;;CLN.S;CLARIANT;CH;CHF;Six Swiss Exchange;;612;638;;;
20260901;SXXP;STOXX Europe 600;EU0009658202;DE2070;;TEGG.DE;TAG IMMOBILIEN AG;DE;EUR;XETRA;;613;565;;;
20260901;SXXP;STOXX Europe 600;EU0009658202;DK1020;;RBREW.CO;ROYAL UNIBREW;DK;DKK;NASDAQ Copenhagen;;614;541;;;
20260901;SXXP;STOXX Europe 600;EU0009658202;DE90GG;;8TRA.DE;TRATON SE;DE;EUR;XETRA;;615;582;;;
20260901;SXXP;STOXX Europe 600;EU0009658202;087541;;TATE.L;TATE & LYLE;GB;GBP;London SE;;616;597;;;
20260901;SXXP;STOXX Europe 600;EU0009658202;SE401B;;SWECb.ST;SWECO 'B';SE;SEK;NASDAQ Stockholm;;617;585;;;
20260901;SXXP;STOXX Europe 600;EU0009658202;457270;;BOLL.PA;BOLLORE;FR;EUR;Euronext Paris;;618;581;;;
20260901;SXXP;STOXX Europe 600;EU0009658202;591591;;AXFO.ST;AXFOOD;SE;SEK;NASDAQ Stockholm;;619;598;;;
20260901;SXXP;STOXX Europe 600;EU0009658202;EB382;;SHCS.L;SHAFTESBURY CAPITAL;GB;GBP;London SE;;620;586;;;
20260901;SXXP;STOXX Europe 600;EU0009658202;SE50IT;;SINCH.ST;SINCH;SE;SEK;NASDAQ Stockholm;;621;641;;;
20260901;SXXP;STOXX Europe 600;EU0009658202;705227;;LUKN.S;LUZERNER KANTONALBANK;CH;CHF;Six Swiss Exchange;;622;610;;;
20260901;SXXP;STOXX Europe 600;EU0009658202;DE8065;;DWSG.DE;DWS GROUP GMBH & CO. KGAA;DE;EUR;XETRA;;623;614;;;
20260901;SXXP;STOXX Europe 600;EU0009658202;ES406G;;VID.MC;VIDRALA;ES;EUR;BME Exchange;;624;611;;;
20260901;SXXP;STOXX Europe 600;EU0009658202;459784;;HOLMb.ST;HOLMEN B;SE;SEK;NASDAQ Stockholm;;625;623;;;
20260901;SXXP;STOXX Europe 600;EU0009658202;NO405K;;PROT.OL;PROTECTOR FORSIKRING;NO;NOK;Oslo Bors;;626;596;;;
20260901;SXXP;STOXX Europe 600;EU0009658202;GB007Y;;MGNS.L;MORGAN SINDALL GROUP;GB;GBP;London SE;;627;607;;;
20260901;SXXP;STOXX Europe 600;EU0009658202;489708;;TOM.OL;TOMRA SYSTEMS;NO;NOK;Oslo Bors;;628;617;;;
20260901;SXXP;STOXX Europe 600;EU0009658202;FR1018;;LTEN.PA;ALTEN;FR;EUR;Euronext Paris;;629;612;;;
20260901;SXXP;STOXX Europe 600;EU0009658202;NO60IZ;;KMAR.OL;KONGSBERG MARITIME;NO;NOK;Oslo Bors;;630;630;;;
20260901;SXXP;STOXX Europe 600;EU0009658202;GB80ML;;AJBA.L;AJ BELL PLC;GB;GBP;London SE;;631;618;;;
20260901;SXXP;STOXX Europe 600;EU0009658202;DK1031;;BAVA.CO;BAVARIAN NORDIC;DK;DKK;NASDAQ Copenhagen;;632;670;;;
20260901;SXXP;STOXX Europe 600;EU0009658202;710755;;FRAG.DE;FRAPORT;DE;EUR;XETRA;;633;592;;;
20260901;SXXP;STOXX Europe 600;EU0009658202;466514;;OUT1V.HE;OUTOKUMPU;FI;EUR;NASDAQ Helsinki;;634;635;;;
20260901;SXXP;STOXX Europe 600;EU0009658202;GR303D;;OPTIMAr.AT;OPTIMA BANK;GR;EUR;ATHENS SE;;635;;;;
20260901;SXXP;STOXX Europe 600;EU0009658202;SE10MT;;HPOLb.ST;HEXPOL 'B';SE;SEK;NASDAQ Stockholm;;636;634;;;
20260901;SXXP;STOXX Europe 600;EU0009658202;GB60TQ;;JD.L;JD SPORTS FASHION;GB;GBP;London SE;;637;606;;;
20260901;SXXP;STOXX Europe 600;EU0009658202;CH7055;;EMMN.S;EMMI AG;CH;CHF;Six Swiss Exchange;;638;605;;;
20260901;SXXP;STOXX Europe 600;EU0009658202;B0LF18;;EFGN.S;EFG INTERNATIONAL N;CH;CHF;Six Swiss Exchange;;639;626;;;
20260901;SXXP;STOXX Europe 600;EU0009658202;SE005B;;CAMX.ST;CAMURUS;SE;SEK;NASDAQ Stockholm;;640;602;;;
20260901;SXXP;STOXX Europe 600;EU0009658202;038580;;GRG.L;GREGGS;GB;GBP;London SE;;641;616;;;
20260901;SXXP;STOXX Europe 600;EU0009658202;EW059;;PGE.WA;PGE;PL;PLN;Warsaw SE;;642;648;;;
20260901;SXXP;STOXX Europe 600;EU0009658202;488828;;TITCr.AT;TITAN;GR;EUR;ATHENS SE;;643;;;;
20260901;SXXP;STOXX Europe 600;EU0009658202;777713;;SVS.L;SAVILLS;GB;GBP;London SE;;644;747;;;
20260901;SXXP;STOXX Europe 600;EU0009658202;DE50UQ;;TKMS.DE;TKMS;DE;EUR;XETRA;;645;649;;;
20260901;SXXP;STOXX Europe 600;EU0009658202;GB103V;;RSW.L;RENISHAW;GB;GBP;London SE;;646;633;;;
20260901;SXXP;STOXX Europe 600;EU0009658202;435413;;UTDI.DE;UNITED INTERNET;DE;EUR;XETRA;;647;674;;;
20260901;SXXP;STOXX Europe 600;EU0009658202;ES405F;;LOG.MC;LOGISTA;ES;EUR;BME Exchange;;648;622;;;
20260901;SXXP;STOXX Europe 600;EU0009658202;496960;;WBSV.VI;WIENERBERGER;AT;EUR;Wiener Boerse AG;;649;604;;;
20260901;SXXP;STOXX Europe 600;EU0009658202;NO404J;;BWLPG.OL;BW LPG;NO;NOK;Oslo Bors;;650;653;;;
20260901;SXXP;STOXX Europe 600;EU0009658202;NO304I;;BAKKA.OL;BAKKAFROST;NO;NOK;Oslo Bors;;651;636;;;
20260901;SXXP;STOXX Europe 600;EU0009658202;507503;;HEIJ.AS;KONINKLIJKE HEIJMANS;NL;EUR;Euronext Amsterdam;;652;621;;;
20260901;SXXP;STOXX Europe 600;EU0009658202;414933;;BDXP.WA;BUDIMEX;PL;PLN;Warsaw SE;;653;631;;;
20260901;SXXP;STOXX Europe 600;EU0009658202;464327;;TYRES.HE;NOKIAN RENKAAT;FI;EUR;NASDAQ Helsinki;;654;665;;;
20260901;SXXP;STOXX Europe 600;EU0009658202;705826;;SGKN.S;ST GALLER KANTONALBANK;CH;CHF;Six Swiss Exchange;;655;640;;;
20260901;SXXP;STOXX Europe 600;EU0009658202;LU101H;;APAM.AS;APERAM;NL;EUR;Euronext Amsterdam;;656;652;;;
20260901;SXXP;STOXX Europe 600;EU0009658202;555255;;OPL.WA;ORANGE POLSKA;PL;PLN;Warsaw SE;;657;609;;;
20260901;SXXP;STOXX Europe 600;EU0009658202;IT901L;;SOLS.MI;SOL;IT;EUR;Borsa Italiana;;658;639;;;
20260901;SXXP;STOXX Europe 600;EU0009658202;PL004E;;TPE.WA;TAURON;PL;PLN;Warsaw SE;;659;625;;;
20260901;SXXP;STOXX Europe 600;EU0009658202;GB40D8;;OSBO.L;OSB GROUP;GB;GBP;London SE;;660;615;;;
20260901;SXXP;STOXX Europe 600;EU0009658202;681441;;JENGn.DE;JENOPTIK;DE;EUR;XETRA;;661;666;;;
20260901;SXXP;STOXX Europe 600;EU0009658202;709000;;GFTU_u.L;GRAFTON GRP;GB;GBP;London SE;;662;668;;;
20260901;SXXP;STOXX Europe 600;EU0009658202;GB204X;;BYG.L;BIG YELLOW GROUP;GB;GBP;London SE;;663;643;;;
20260901;SXXP;STOXX Europe 600;EU0009658202;GB41D9;;CAN.L;CANAL+;GB;GBP;London SE;;664;646;;;
20260901;SXXP;STOXX Europe 600;EU0009658202;IT803M;;MTCM.MI;MAIRE;IT;EUR;Borsa Italiana;;665;637;;;
20260901;SXXP;STOXX Europe 600;EU0009658202;B07ZBW;;BUCN.S;BUCHER INDUSTRIES;CH;CHF;Six Swiss Exchange;;666;627;;;
20260901;SXXP;STOXX Europe 600;EU0009658202;SE704H;;MTRS.ST;MUNTERS GROUP AB;SE;SEK;NASDAQ Stockholm;;667;644;;;
20260901;SXXP;STOXX Europe 600;EU0009658202;DE50RN;;AMV0n.DE;AUMOVIO;DE;EUR;XETRA;;668;628;;;
20260901;SXXP;STOXX Europe 600;EU0009658202;563828;;VIS.MC;VISCOFAN;ES;EUR;BME Exchange;;669;632;;;
20260901;SXXP;STOXX Europe 600;EU0009658202;NO008J;;HAFNI.OL;HAFNIA;NO;NOK;Oslo Bors;;670;677;;;
20260901;SXXP;STOXX Europe 600;EU0009658202;SE40BL;;THULE.ST;THULE GROUP;SE;SEK;NASDAQ Stockholm;;671;629;;;
20260901;SXXP;STOXX Europe 600;EU0009658202;487563;;TIETO.HE;TIETO;FI;EUR;NASDAQ Helsinki;;672;661;;;
20260901;SXXP;STOXX Europe 600;EU0009658202;IE1041;;GNC.L;GREENCORE GROUP;GB;GBP;London SE;;673;657;;;
20260901;SXXP;STOXX Europe 600;EU0009658202;AT1015;;UNIQ.VI;UNIQA VERSICHERUNGEN;AT;EUR;Wiener Boerse AG;;674;647;;;
20260901;SXXP;STOXX Europe 600;EU0009658202;GB90II;;WOSG.L;WATCHES OF SWITZERLAND GROUP;GB;GBP;London SE;;675;650;;;
20260901;SXXP;STOXX Europe 600;EU0009658202;DE9077;;DEZG.DE;DEUTZ;DE;EUR;XETRA;;676;745;;;
20260901;SXXP;STOXX Europe 600;EU0009658202;CH5020;;AMS.S;AMS-OSRAM AG;CH;CHF;Six Swiss Exchange;;677;699;;;
20260901;SXXP;STOXX Europe 600;EU0009658202;451361;;KEMIRA.HE;KEMIRA;FI;EUR;NASDAQ Helsinki;;678;654;;;
20260901;SXXP;STOXX Europe 600;EU0009658202;NO20ER;;HAUTO.OL;HOEGH AUTOLINERS;NO;NOK;Oslo Bors;;679;671;;;
20260901;SXXP;STOXX Europe 600;EU0009658202;087870;;CURY.L;CURRYS;GB;GBP;London SE;;680;642;;;
20260901;SXXP;STOXX Europe 600;EU0009658202;DK1299;;TRMDa.CO;TORM A;DK;DKK;NASDAQ Copenhagen;;681;704;;;
20260901;SXXP;STOXX Europe 600;EU0009658202;432154;;EURA.PA;EURAZEO;FR;EUR;Euronext Paris;;682;678;;;
20260901;SXXP;STOXX Europe 600;EU0009658202;567954;;BEKN.S;BERNER KANTONALBANK;CH;CHF;Six Swiss Exchange;;683;669;;;
20260901;SXXP;STOXX Europe 600;EU0009658202;NO33K1;;DOFG.OL;DOF GROUP;NO;NOK;Oslo Bors;;684;685;;;
20260901;SXXP;STOXX Europe 600;EU0009658202;IT101D;;AMPF.MI;AMPLIFON;IT;EUR;Borsa Italiana;;685;664;;;
20260901;SXXP;STOXX Europe 600;EU0009658202;482110;;SOLB.BR;SOLVAY;BE;EUR;Euronext Brussels;;686;656;;;
20260901;SXXP;STOXX Europe 600;EU0009658202;SE106D;;WIHL.ST;WIHLBORGS FASTIGHETER;SE;SEK;NASDAQ Stockholm;;687;659;;;
20260901;SXXP;STOXX Europe 600;EU0009658202;NL603H;;LIGHT.AS;SIGNIFY;NL;EUR;Euronext Amsterdam;;688;679;;;
20260901;SXXP;STOXX Europe 600;EU0009658202;482268;;YSO.LS;SONAE;PT;EUR;Euronext Lisbon;;689;662;;;
20260901;SXXP;STOXX Europe 600;EU0009658202;SE20LT;;ALLEI.ST;ALLEIMA;SE;SEK;NASDAQ Stockholm;;690;689;;;
20260901;SXXP;STOXX Europe 600;EU0009658202;705041;;DOKA.S;dorma+kaba;CH;CHF;Six Swiss Exchange;;691;706;;;
20260901;SXXP;STOXX Europe 600;EU0009658202;NL121C;;CTPNV.AS;CTP NV;NL;EUR;Euronext Amsterdam;;692;645;;;
20260901;SXXP;STOXX Europe 600;EU0009658202;NO903N;;KIT.OL;KITRON;NO;NOK;Oslo Bors;;693;693;;;
20260901;SXXP;STOXX Europe 600;EU0009658202;B11Y56;;WCHG.DE;WACKER CHEMIE;DE;EUR;XETRA;;694;691;;;
20260901;SXXP;STOXX Europe 600;EU0009658202;546535;;SZGG.DE;SALZGITTER;DE;EUR;XETRA;;695;715;;;
20260901;SXXP;STOXX Europe 600;EU0009658202;CH90IK;;SWON.S;SOFTWAREONE HOLDING;CH;CHF;Six Swiss Exchange;;696;697;;;
20260901;SXXP;STOXX Europe 600;EU0009658202;GB21B5;;ATYM.L;ATALAYA MINING COPPER;GB;GBP;London SE;;697;794;;;
20260901;SXXP;STOXX Europe 600;EU0009658202;CH90GI;;SRAIL.S;STADLER RAIL AG;CH;CHF;Six Swiss Exchange;;698;741;;;
20260901;SXXP;STOXX Europe 600;EU0009658202;GB9022;;CKN.L;CLARKSON;GB;GBP;London SE;;699;698;;;
20260901;SXXP;STOXX Europe 600;EU0009658202;NL607L;;TWKNc.AS;TKH GROUP;NL;EUR;Euronext Amsterdam;;700;768;;;
20260901;SXXP;STOXX Europe 600;EU0009658202;SE1029;;WALLb.ST;WALLENSTAM B;SE;SEK;NASDAQ Stockholm;;701;675;;;
20260901;SXXP;STOXX Europe 600;EU0009658202;419454;;DIOR.PA;CHRISTIAN DIOR;FR;EUR;Euronext Paris;;702;655;;;
20260901;SXXP;STOXX Europe 600;EU0009658202;GB203W;;GNS.L;GENUS;GB;GBP;London SE;;703;700;;;
20260901;SXXP;STOXX Europe 600;EU0009658202;GB303X;;OXIG.L;OXFORD INSTRUMENTS;GB;GBP;London SE;;704;686;;;
20260901;SXXP;STOXX Europe 600;EU0009658202;GB8032;;COA.L;COATS GROUP;GB;GBP;London SE;;705;681;;;
20260901;SXXP;STOXX Europe 600;EU0009658202;689562;;BOY.L;BODYCOTE;GB;GBP;London SE;;706;755;;;
20260901;SXXP;STOXX Europe 600;EU0009658202;588171;;MWDP.PA;WENDEL;FR;EUR;Euronext Paris;;707;676;;;
20260901;SXXP;STOXX Europe 600;EU0009658202;NL605J;;BFIT.AS;BASIC-FIT;NL;EUR;Euronext Amsterdam;;708;673;;;
20260901;SXXP;STOXX Europe 600;EU0009658202;428249;;EKTAb.ST;ELEKTA B;SE;SEK;NASDAQ Stockholm;;709;718;;;
20260901;SXXP;STOXX Europe 600;EU0009658202;FR50AL;;EXENS.PA;EXOSENS;FR;EUR;Euronext Paris;;710;667;;;
20260901;SXXP;STOXX Europe 600;EU0009658202;DE33TQ;;IOSn.DE;IONOS GROUP;DE;EUR;XETRA;;711;724;;;
20260901;SXXP;STOXX Europe 600;EU0009658202;440776;;PEABb.ST;PEAB B;SE;SEK;NASDAQ Stockholm;;712;712;;;
20260901;SXXP;STOXX Europe 600;EU0009658202;GB40NI;;SSPG.L;SSP GROUP;GB;GBP;London SE;;713;680;;;
20260901;SXXP;STOXX Europe 600;EU0009658202;SE602E;;ALIFb.ST;ADDLIFE;SE;SEK;NASDAQ Stockholm;;714;695;;;
20260901;SXXP;STOXX Europe 600;EU0009658202;DK6069;;AMBUb.CO;AMBU 'B';DK;DKK;NASDAQ Copenhagen;;715;682;;;
20260901;SXXP;STOXX Europe 600;EU0009658202;435762;;GN.CO;GN STORE NORD;DK;DKK;NASDAQ Copenhagen;;716;684;;;
20260901;SXXP;STOXX Europe 600;EU0009658202;GB30C6;;LRE.L;LANCASHIRE HOLDINGS;GB;GBP;London SE;;717;696;;;
20260901;SXXP;STOXX Europe 600;EU0009658202;479213;;SEBF.PA;SEB;FR;EUR;Euronext Paris;;718;703;;;
20260901;SXXP;STOXX Europe 600;EU0009658202;BE109Z;;CMBT.BR;CMB TECH;BE;EUR;Euronext Brussels;;719;729;;;
20260901;SXXP;STOXX Europe 600;EU0009658202;FI1097;;VAIAS.HE;VAISALA 'A';FI;EUR;NASDAQ Helsinki;;720;708;;;
20260901;SXXP;STOXX Europe 600;EU0009658202;190462;;CHG.L;CHEMRING GRP;GB;GBP;London SE;;721;672;;;
20260901;SXXP;STOXX Europe 600;EU0009658202;GB001S;;OCDO.L;OCADO;GB;GBP;London SE;;722;736;;;
20260901;SXXP;STOXX Europe 600;EU0009658202;NO14Q6;;AUTO.OL;AUTOSTORE HOLDINGS;NO;NOK;Oslo Bors;;723;800;;;
20260901;SXXP;STOXX Europe 600;EU0009658202;PL11CO;;PCOP.WA;PEPCO GROUP;PL;PLN;Warsaw SE;;724;660;;;
20260901;SXXP;STOXX Europe 600;EU0009658202;SE409J;;GRANG.ST;GRANGES;SE;SEK;NASDAQ Stockholm;;725;711;;;
20260901;SXXP;STOXX Europe 600;EU0009658202;SE108F;;CLASb.ST;CLAS OHLSON B;SE;SEK;NASDAQ Stockholm;;726;725;;;
20260901;SXXP;STOXX Europe 600;EU0009658202;DK1075;;ALMB.CO;ALM BRAND;DK;DKK;NASDAQ Copenhagen;;727;717;;;
20260901;SXXP;STOXX Europe 600;EU0009658202;DK8016;;NETCG.CO;NETCOMPANY GROUP AS;DK;DKK;NASDAQ Copenhagen;;728;683;;;
20260901;SXXP;STOXX Europe 600;EU0009658202;DE5051;;WAFGn.DE;SILTRONIC;DE;EUR;XETRA;;729;804;;;
20260901;SXXP;STOXX Europe 600;EU0009658202;061403;;PAGPA.L;Paragon Banking Group PLC;GB;GBP;London SE;;730;658;;;
20260901;SXXP;STOXX Europe 600;EU0009658202;DK9017;;PAALb.CO;PER AARSLEFF HOLDING B;DK;DKK;NASDAQ Copenhagen;;731;688;;;
20260901;SXXP;STOXX Europe 600;EU0009658202;B00ZQQ;;SESFd.PA;SES;FR;EUR;Euronext Paris;;732;651;;;
20260901;SXXP;STOXX Europe 600;EU0009658202;B28V44;;FLUI.MC;FLUIDRA;ES;EUR;BME Exchange;;733;707;;;
20260901;SXXP;STOXX Europe 600;EU0009658202;B17641;;BCHN.S;BURCKHARDT CMPSN.HLDG.;CH;CHF;Six Swiss Exchange;;734;720;;;
20260901;SXXP;STOXX Europe 600;EU0009658202;430899;;ELUXb.ST;ELECTROLUX B;SE;SEK;NASDAQ Stockholm;;735;690;;;
20260901;SXXP;STOXX Europe 600;EU0009658202;713666;;JCDX.PA;JCDECAUX;FR;EUR;Euronext Paris;;736;721;;;
20260901;SXXP;STOXX Europe 600;EU0009658202;FR406G;;COFA.PA;COFACE;FR;EUR;Euronext Paris;;737;733;;;
20260901;SXXP;STOXX Europe 600;EU0009658202;CH90AC;;KARN.S;KARDEX 'B';CH;CHF;Six Swiss Exchange;;738;735;;;
20260901;SXXP;STOXX Europe 600;EU0009658202;SE50CN;;PANDXb.ST;PANDOX B;SE;SEK;NASDAQ Stockholm;;739;692;;;
20260901;SXXP;STOXX Europe 600;EU0009658202;PL10CN;;KRU.WA;KRUK;PL;PLN;Warsaw SE;;740;687;;;
20260901;SXXP;STOXX Europe 600;EU0009658202;SE705I;;MCOVb.ST;MEDICOVER AB;SE;SEK;NASDAQ Stockholm;;741;732;;;
20260901;SXXP;STOXX Europe 600;EU0009658202;IT405K;;FCT.MI;FINCANTIERI;IT;EUR;Borsa Italiana;;742;694;;;
20260901;SXXP;STOXX Europe 600;EU0009658202;BE603Y;;CENEr.AT;CENERGY HOLDINGS;BE;EUR;ATHENS SE;;743;;;;
20260901;SXXP;STOXX Europe 600;EU0009658202;IT506M;;INWT.MI;INWIT;IT;EUR;Borsa Italiana;;744;702;;;
20260901;SXXP;STOXX Europe 600;EU0009658202;SE403D;;BUFAB.ST;BUFAB;SE;SEK;NASDAQ Stockholm;;745;710;;;
20260901;SXXP;STOXX Europe 600;EU0009658202;552388;;KRNG.DE;KRONES;DE;EUR;XETRA;;746;748;;;
20260901;SXXP;STOXX Europe 600;EU0009658202;FI8038;;LUMO.HE;LUMO HOMES;FI;EUR;NASDAQ Helsinki;;747;728;;;
20260901;SXXP;STOXX Europe 600;EU0009658202;931669;;TPK.L;TRAVIS PERKINS;GB;GBP;London SE;;748;778;;;
20260901;SXXP;STOXX Europe 600;EU0009658202;SE80KY;;CATE.ST;CATENA;SE;SEK;NASDAQ Stockholm;;749;701;;;
20260901;SXXP;STOXX Europe 600;EU0009658202;GB50GC;;CRN.I;CAIRN HOMES;IE;EUR;Euronext Dublin;;750;737;;;
20260901;SXXP;STOXX Europe 600;EU0009658202;SE90DS;;OEMb.ST;OEM INTERNATIONAL B;SE;SEK;NASDAQ Stockholm;;751;713;;;
20260901;SXXP;STOXX Europe 600;EU0009658202;IT10EQ;;DANIn.MI;DANIELI & C RSP;IT;EUR;Borsa Italiana;;752;730;;;
20260901;SXXP;STOXX Europe 600;EU0009658202;724037;;BILL.ST;BILLERUD;SE;SEK;NASDAQ Stockholm;;753;740;;;
20260901;SXXP;STOXX Europe 600;EU0009658202;GB40HC;;FAN.L;VOLUTION GROUP;GB;GBP;London SE;;754;756;;;
20260901;SXXP;STOXX Europe 600;EU0009658202;IT10BN;;BRBI.MI;BREMBO;IT;EUR;Borsa Italiana;;755;714;;;
20260901;SXXP;STOXX Europe 600;EU0009658202;097474;;IWG.L;INTERNATIONAL WORKPLACE GROUP;GB;GBP;London SE;;756;709;;;
20260901;SXXP;STOXX Europe 600;EU0009658202;AT5019;;DOCO.VI;DO & CO;AT;EUR;Wiener Boerse AG;;757;731;;;
20260901;SXXP;STOXX Europe 600;EU0009658202;SE15MY;;STORb.ST;STORSKOGEN GROUP B;SE;SEK;NASDAQ Stockholm;;758;739;;;
20260901;SXXP;STOXX Europe 600;EU0009658202;440044;;FRVIA.PA;FORVIA;FR;EUR;Euronext Paris;;759;742;;;
20260901;SXXP;STOXX Europe 600;EU0009658202;NO10DP;;WAWI.OL;WALLENIUS WILHELMSEN;NO;NOK;Oslo Bors;;760;773;;;
20260901;SXXP;STOXX Europe 600;EU0009658202;FI4034;;KALMAR.HE;KALMAR;FI;EUR;NASDAQ Helsinki;;761;738;;;
20260901;SXXP;STOXX Europe 600;EU0009658202;570048;;HLUNb.CO;H. LUNDBECK B;DK;DKK;NASDAQ Copenhagen;;762;743;;;
20260901;SXXP;STOXX Europe 600;EU0009658202;491603;;AIRF.PA;AIR FRANCE-KLM;FR;EUR;Euronext Paris;;763;726;;;
20260901;SXXP;STOXX Europe 600;EU0009658202;SE517J;;ASKER.ST;ASKER HEALTHCARE GROUP;SE;SEK;NASDAQ Stockholm;;764;705;;;
20260901;SXXP;STOXX Europe 600;EU0009658202;GB1EQW;;PFD.L;PREMIER FOODS;GB;GBP;London SE;;765;749;;;
20260901;SXXP;STOXX Europe 600;EU0009658202;B1N7Z0;;SAFE.L;SAFESTORE HOLDINGS;GB;GBP;London SE;;766;727;;;
20260901;SXXP;STOXX Europe 600;EU0009658202;415265;;BURE.ST;BURE EQUITY;SE;SEK;NASDAQ Stockholm;;767;808;;;
20260901;SXXP;STOXX Europe 600;EU0009658202;SE142D;;IPCOR.ST;INTERNATIONAL PETROLEUM;SE;SEK;NASDAQ Stockholm;;768;775;;;
20260901;SXXP;STOXX Europe 600;EU0009658202;B234WN;;DIAS.MI;DIASORIN;IT;EUR;Borsa Italiana;;769;758;;;
20260901;SXXP;STOXX Europe 600;EU0009658202;SE51CO;;ROKOb.ST;ROKO B;SE;SEK;NASDAQ Stockholm;;770;754;;;
20260901;SXXP;STOXX Europe 600;EU0009658202;B281L7;;FAGRO.BR;FAGRON;BE;EUR;Euronext Brussels;;771;734;;;
20260901;SXXP;STOXX Europe 600;EU0009658202;GB90FF;;FOUR.L;4IMPRINT GROUP;GB;GBP;London SE;;772;779;;;
20260901;SXXP;STOXX Europe 600;EU0009658202;CH8023;;BOS.S;BOSSARD;CH;CHF;Six Swiss Exchange;;773;761;;;
20260901;SXXP;STOXX Europe 600;EU0009658202;GB80BA;;CGEO.L;GEORGIA CAPITAL;GB;GBP;London SE;;774;786;;;
20260901;SXXP;STOXX Europe 600;EU0009658202;SE80AO;;HMSN.ST;HMS NETWORKS;SE;SEK;NASDAQ Stockholm;;775;771;;;
20260901;SXXP;STOXX Europe 600;EU0009658202;DE50EA;;SHA0n.DE;SCHAEFFLER AG;DE;EUR;XETRA;;776;772;;;
20260901;SXXP;STOXX Europe 600;EU0009658202;FI11NM;;PUUILO.HE;PUUILO;FI;EUR;NASDAQ Helsinki;;777;753;;;
20260901;SXXP;STOXX Europe 600;EU0009658202;795823;;SNR.L;SENIOR;GB;GBP;London SE;;778;759;;;
20260901;SXXP;STOXX Europe 600;EU0009658202;038460;;GPEG.L;GREAT PORTLAND ESTATES;GB;GBP;London SE;;779;746;;;
20260901;SXXP;STOXX Europe 600;EU0009658202;478321;;IREE.MI;IREN;IT;EUR;Borsa Italiana;;780;750;;;
20260901;SXXP;STOXX Europe 600;EU0009658202;041610;;HAYS.L;HAYS;GB;GBP;London SE;;781;877;;;
20260901;SXXP;STOXX Europe 600;EU0009658202;B02SWN;;YPSN.S;YPSOMED HOLDING R;CH;CHF;Six Swiss Exchange;;782;723;;;
20260901;SXXP;STOXX Europe 600;EU0009658202;DE7075;;AT1.DE;AROUNDTOWN (FRA);DE;EUR;XETRA;;783;716;;;
20260901;SXXP;STOXX Europe 600;EU0009658202;SE50P0;;ATTE.ST;ATTENDO AB;SE;SEK;NASDAQ Stockholm;;784;787;;;
20260901;SXXP;STOXX Europe 600;EU0009658202;B0BV81;;DNO.OL;DNO ASA;NO;NOK;Oslo Bors;;785;744;;;
20260901;SXXP;STOXX Europe 600;EU0009658202;464574;;NCCb.ST;NCC B;SE;SEK;NASDAQ Stockholm;;786;783;;;
20260901;SXXP;STOXX Europe 600;EU0009658202;534424;;EMBI.MI;CREDITO EMILIANO;IT;EUR;Borsa Italiana;;787;789;;;
20260901;SXXP;STOXX Europe 600;EU0009658202;GB8043;;IHPI.L;INTEGRAFIN HOLDINGS PLC;GB;GBP;London SE;;788;797;;;
20260901;SXXP;STOXX Europe 600;EU0009658202;CH7088;;LLBN.S;LLB 'B';CH;CHF;Six Swiss Exchange;;789;763;;;
20260901;SXXP;STOXX Europe 600;EU0009658202;FR14AL;;GFII.PA;LISI;FR;EUR;Euronext Paris;;790;757;;;
20260901;SXXP;STOXX Europe 600;EU0009658202;491563;;KIE.L;KIER GROUP;GB;GBP;London SE;;791;802;;;
20260901;SXXP;STOXX Europe 600;EU0009658202;BE901Z;;MONTE.BR;MONTEA;BE;EUR;Euronext Brussels;;792;752;;;
20260901;SXXP;STOXX Europe 600;EU0009658202;SE51LX;;NOBA.ST;NOBA BANK GROUP;SE;SEK;NASDAQ Stockholm;;793;782;;;
20260901;SXXP;STOXX Europe 600;EU0009658202;FI608B;;IQMXC.HE;IQM QUANTUM COMPUTERS;FI;EUR;NASDAQ Helsinki;;794;;;;
20260901;SXXP;STOXX Europe 600;EU0009658202;038064;;GRI.L;GRAINGER;GB;GBP;London SE;;795;776;;;
20260901;SXXP;STOXX Europe 600;EU0009658202;CH9079;;JFN.S;JUNGFRAUBAHN 'R';CH;CHF;Six Swiss Exchange;;796;774;;;
20260901;SXXP;STOXX Europe 600;EU0009658202;SE50Q1;;SHOTE.ST;SCANDIC HOTELS GROUP AB;SE;SEK;NASDAQ Stockholm;;797;793;;;
20260901;SXXP;STOXX Europe 600;EU0009658202;NO504K;;EPR.OL;EUROPRIS;NO;NOK;Oslo Bors;;798;791;;;
20260901;SXXP;STOXX Europe 600;EU0009658202;FR1029;;VIRB.PA;VIRBAC;FR;EUR;Euronext Paris;;799;766;;;
20260901;SXXP;STOXX Europe 600;EU0009658202;571111;;ISOS.PA;IPSOS;FR;EUR;Euronext Paris;;800;811;;;
20260901;SXXP;STOXX Europe 600;EU0009658202;547565;;HEPr.AT;HELLENIQ ENERGY HOLDINGS;GR;EUR;ATHENS SE;;801;;;;
20260901;SXXP;STOXX Europe 600;EU0009658202;IT802L;;CRLI.MI;CAREL INDUSTRIES SPA;IT;EUR;Borsa Italiana;;802;822;;;
20260901;SXXP;STOXX Europe 600;EU0009658202;B00GC1;;KINVb.ST;KINNEVIK B;SE;SEK;NASDAQ Stockholm;;803;833;;;
20260901;SXXP;STOXX Europe 600;EU0009658202;DE141X;;SMHNn.DE;SUSS MICROTEC;DE;EUR;XETRA;;804;760;;;
20260901;SXXP;STOXX Europe 600;EU0009658202;534433;;MLXS.BR;MELEXIS;BE;EUR;Euronext Brussels;;805;777;;;
20260901;SXXP;STOXX Europe 600;EU0009658202;SE14LW;;NCAB.ST;NCAB GROUP;SE;SEK;NASDAQ Stockholm;;806;830;;;
20260901;SXXP;STOXX Europe 600;EU0009658202;B16FTB;;TRE.MC;TECNICAS REUNIDAS;ES;EUR;BME Exchange;;807;762;;;
20260901;SXXP;STOXX Europe 600;EU0009658202;NO107J;;ATEA.OL;ATEA;NO;NOK;Oslo Bors;;808;801;;;
20260901;SXXP;STOXX Europe 600;EU0009658202;GB1F6D;;GROW.L;MOLTEN VENTURES;GB;GBP;London SE;;809;844;;;
20260901;SXXP;STOXX Europe 600;EU0009658202;NO408N;;SCATC.OL;SCATEC;NO;NOK;Oslo Bors;;810;817;;;
20260901;SXXP;STOXX Europe 600;EU0009658202;GB8065;;ENOG.L;ENERGEAN PLC;GB;GBP;London SE;;811;780;;;
20260901;SXXP;STOXX Europe 600;EU0009658202;NO105H;;BNOR.OL;BLUENORD;NO;NOK;Oslo Bors;;812;824;;;
20260901;SXXP;STOXX Europe 600;EU0009658202;EE013;;CAF.MC;CAF;ES;EUR;BME Exchange;;813;812;;;
20260901;SXXP;STOXX Europe 600;EU0009658202;B05M8B;;LXSG.DE;LANXESS;DE;EUR;XETRA;;814;821;;;
20260901;SXXP;STOXX Europe 600;EU0009658202;FR14OZ;;NANOB.PA;NANOBIOTIX;FR;EUR;Euronext Paris;;815;857;;;
20260901;SXXP;STOXX Europe 600;EU0009658202;B1CKQ7;;DNLM.L;DUNELM GROUP;GB;GBP;London SE;;816;796;;;
20260901;SXXP;STOXX Europe 600;EU0009658202;ES901G;;ENOR.MC;ELECNOR;ES;EUR;BME Exchange;;817;769;;;
20260901;SXXP;STOXX Europe 600;EU0009658202;CH908A;;ALSN.S;ALSO HOLDING;CH;CHF;Six Swiss Exchange;;818;795;;;
20260901;SXXP;STOXX Europe 600;EU0009658202;PL803L;;BNP1.WA;BNP PARIBAS BANK POLSKA;PL;PLN;Warsaw SE;;819;785;;;
20260901;SXXP;STOXX Europe 600;EU0009658202;GB50KG;;KNOS.L;KAINOS GROUP;GB;GBP;London SE;;820;930;;;
20260901;SXXP;STOXX Europe 600;EU0009658202;ES707K;;CIEA.MC;CIE AUTOMOTIVE;ES;EUR;BME Exchange;;821;781;;;
20260901;SXXP;STOXX Europe 600;EU0009658202;B1YVKJ;;SLRS.MC;SOLARIA ENERG. MEDIO AMBIENTE;ES;EUR;BME Exchange;;822;790;;;
20260901;SXXP;STOXX Europe 600;EU0009658202;ES604G;;COL.MC;COLONIAL SFL;ES;EUR;BME Exchange;;823;767;;;
20260901;SXXP;STOXX Europe 600;EU0009658202;DE402X;;JUNG_p.DE;JUNGHEINRICH PREF;DE;EUR;XETRA;;824;832;;;
20260901;SXXP;STOXX Europe 600;EU0009658202;ES119H;;GREG.MC;GRENERGY RENOVABLES;ES;EUR;BME Exchange;;825;788;;;
20260901;SXXP;STOXX Europe 600;EU0009658202;IT606N;;ENAV.MI;ENAV SPA;IT;EUR;Borsa Italiana;;826;798;;;
20260901;SXXP;STOXX Europe 600;EU0009658202;SE51JV;;HACK.ST;HACKSAW;SE;SEK;NASDAQ Stockholm;;827;827;;;
20260901;SXXP;STOXX Europe 600;EU0009658202;FR90BQ;;TRIA.PA;TRIGANO;FR;EUR;Euronext Paris;;828;820;;;
20260901;SXXP;STOXX Europe 600;EU0009658202;FI9039;;BITTI.HE;BITTIUM;FI;EUR;NASDAQ Helsinki;;829;912;;;
20260901;SXXP;STOXX Europe 600;EU0009658202;533709;;ERG.MI;ERG;IT;EUR;Borsa Italiana;;830;814;;;
20260901;SXXP;STOXX Europe 600;EU0009658202;NO145L;;OET.OL;OKEANIS ECO TANKERS;NO;NOK;Oslo Bors;;831;843;;;
20260901;SXXP;STOXX Europe 600;EU0009658202;EG047;;S92G.DE;SMA SOLAR TECHNOLOGY;DE;EUR;XETRA;;832;859;;;
20260901;SXXP;STOXX Europe 600;EU0009658202;FR507I;;EXA.PA;EXAIL TECHNOLOGIES;FR;EUR;Euronext Paris;;833;813;;;
20260901;SXXP;STOXX Europe 600;EU0009658202;DE201U;;ELGG.DE;ELMOS SEMICONDUCTOR;DE;EUR;XETRA;;834;751;;;
20260901;SXXP;STOXX Europe 600;EU0009658202;CH9035;;INRN.S;INTERROLL;CH;CHF;Six Swiss Exchange;;835;878;;;
20260901;SXXP;STOXX Europe 600;EU0009658202;GB40YT;;PTEC.L;PLAYTECH;GB;GBP;London SE;;836;835;;;
20260901;SXXP;STOXX Europe 600;EU0009658202;406149;;RRTL.DE;RTL GRP;DE;EUR;XETRA;;837;807;;;
20260901;SXXP;STOXX Europe 600;EU0009658202;SE701E;;AMBEA.ST;AMBEA AB;SE;SEK;NASDAQ Stockholm;;838;855;;;
20260901;SXXP;STOXX Europe 600;EU0009658202;GB1F29;;TRST.L;TRUSTPILOT GROUP;GB;GBP;London SE;;839;837;;;
20260901;SXXP;STOXX Europe 600;EU0009658202;BE8030;;VGP1.BR;VGP;BE;EUR;Euronext Brussels;;840;792;;;
20260901;SXXP;STOXX Europe 600;EU0009658202;DE322Y;;ACT1.DE;ALZCHEM;DE;EUR;XETRA;;841;834;;;
20260901;SXXP;STOXX Europe 600;EU0009658202;NL206G;;ECMPA.AS;EUROCOMMERCIAL PROPERTIES;NL;EUR;Euronext Amsterdam;;842;809;;;
20260901;SXXP;STOXX Europe 600;EU0009658202;SE510C;;INTEAb.ST;INTEA FASTIGHETER B;SE;SEK;NASDAQ Stockholm;;843;806;;;
20260901;SXXP;STOXX Europe 600;EU0009658202;SE90L0;;BIOAb.ST;BIOARCTIC B;SE;SEK;NASDAQ Stockholm;;844;803;;;
20260901;SXXP;STOXX Europe 600;EU0009658202;DK0052;;CADLR.OL;CADELER;NO;NOK;Oslo Bors;;845;849;;;
20260901;SXXP;STOXX Europe 600;EU0009658202;DE70EC;;BFSA.DE;BEFESA SA;DE;EUR;XETRA;;846;829;;;
20260901;SXXP;STOXX Europe 600;EU0009658202;732483;;FABG.ST;FABEGE;SE;SEK;NASDAQ Stockholm;;847;770;;;
20260901;SXXP;STOXX Europe 600;EU0009658202;GB10OG;;ZIG.L;ZIGUP;GB;GBP;London SE;;848;799;;;
20260901;SXXP;STOXX Europe 600;EU0009658202;GB40SN;;GAMA.L;GAMMA COMMUNICATIONS;GB;GBP;London SE;;849;896;;;
20260901;SXXP;STOXX Europe 600;EU0009658202;408948;;BEKB.BR;BEKAERT;BE;EUR;Euronext Brussels;;850;805;;;
20260901;SXXP;STOXX Europe 600;EU0009658202;DE001W;;SAXG.DE;STROEER;DE;EUR;XETRA;;851;815;;;
20260901;SXXP;STOXX Europe 600;EU0009658202;DK10A8;;SCHO.CO;AKTKT.SCHOUW & CO.;DK;DKK;NASDAQ Copenhagen;;852;910;;;
20260901;SXXP;STOXX Europe 600;EU0009658202;B12PJ2;;HUSQb.ST;HUSQVARNA B;SE;SEK;NASDAQ Stockholm;;853;816;;;
20260901;SXXP;STOXX Europe 600;EU0009658202;SE10U1;;BONEX.ST;BONESUPPORT HOLDING;SE;SEK;NASDAQ Stockholm;;854;823;;;
20260901;SXXP;STOXX Europe 600;EU0009658202;034521;;FGP.L;FIRSTGROUP;GB;GBP;London SE;;855;819;;;
20260901;SXXP;STOXX Europe 600;EU0009658202;B1Z95S;;AMG.AS;AMG CRITICAL MATERIALS;NL;EUR;Euronext Amsterdam;;856;879;;;
20260901;SXXP;STOXX Europe 600;EU0009658202;CH12EA;;BRKN.S;BURKHALTER N;CH;CHF;Six Swiss Exchange;;857;810;;;
20260901;SXXP;STOXX Europe 600;EU0009658202;NO407M;;AKSOA.OL;AKER SOLUTIONS;NO;NOK;Oslo Bors;;858;840;;;
20260901;SXXP;STOXX Europe 600;EU0009658202;FR40CM;;PLX.PA;PLUXEE;FR;EUR;Euronext Paris;;859;901;;;
20260901;SXXP;STOXX Europe 600;EU0009658202;NO10BN;;LSG.OL;LEROY SEAFOOD GROUP;NO;NOK;Oslo Bors;;860;873;;;
20260901;SXXP;STOXX Europe 600;EU0009658202;579994;;CORB.AS;CORBION;NL;EUR;Euronext Amsterdam;;861;860;;;
20260901;SXXP;STOXX Europe 600;EU0009658202;DE7020;;AFXG.DE;CARL ZEISS MEDITEC;DE;EUR;XETRA;;862;853;;;
20260901;SXXP;STOXX Europe 600;EU0009658202;SE145G;;AQ.ST;AQ GROUP;SE;SEK;NASDAQ Stockholm;;863;848;;;
20260901;SXXP;STOXX Europe 600;EU0009658202;CH111W;;IMPN.S;IMPLENIA 'R';CH;CHF;Six Swiss Exchange;;864;842;;;
20260901;SXXP;STOXX Europe 600;EU0009658202;021483;;RAT.L;RATHBONES GROUP;GB;GBP;London SE;;865;841;;;
20260901;SXXP;STOXX Europe 600;EU0009658202;GB3Z1U;;BREE.L;BREEDON GROUP;GB;GBP;London SE;;866;867;;;
20260901;SXXP;STOXX Europe 600;EU0009658202;FR206E;;VU.PA;VUSION;FR;EUR;Euronext Paris;;867;839;;;
20260901;SXXP;STOXX Europe 600;EU0009658202;DK0041;;CHEMM.CO;CHEMOMETEC;DK;DKK;NASDAQ Copenhagen;;868;897;;;
20260901;SXXP;STOXX Europe 600;EU0009658202;901023;;ELM.L;ELEMENTIS;GB;GBP;London SE;;869;828;;;
20260901;SXXP;STOXX Europe 600;EU0009658202;B132NW;;ASHM.L;ASHMORE GRP;GB;GBP;London SE;;870;872;;;
20260901;SXXP;STOXX Europe 600;EU0009658202;IT603K;;TGYM.MI;TECHNOGYM;IT;EUR;Borsa Italiana;;871;764;;;
20260901;SXXP;STOXX Europe 600;EU0009658202;DE90HH;;TMV.DE;TEAMVIEWER AG;DE;EUR;XETRA;;872;907;;;
20260901;SXXP;STOXX Europe 600;EU0009658202;EW052;;ENAE.WA;ENEA;PL;PLN;Warsaw SE;;873;838;;;
20260901;SXXP;STOXX Europe 600;EU0009658202;409590;;BICP.PA;BIC;FR;EUR;Euronext Paris;;874;818;;;
20260901;SXXP;STOXX Europe 600;EU0009658202;BE206X;;DEME.BR;DEME GROUP;BE;EUR;Euronext Brussels;;875;869;;;
20260901;SXXP;STOXX Europe 600;EU0009658202;GB5040;;WIZZ.L;WIZZAIR;GB;GBP;London SE;;876;861;;;
20260901;SXXP;STOXX Europe 600;EU0009658202;GB1FFM;;ONT.L;OXFORD NANOPORE TECHNOLOGIES;GB;GBP;London SE;;877;985;;;
20260901;SXXP;STOXX Europe 600;EU0009658202;B1QH8P;;FRAS.L;FRASERS GROUP;GB;GBP;London SE;;878;851;;;
20260901;SXXP;STOXX Europe 600;EU0009658202;GB4061;;PETSP.L;PETS AT HOME PLC;GB;GBP;London SE;;879;858;;;
20260901;SXXP;STOXX Europe 600;EU0009658202;430230;;VIV.PA;VIVENDI;FR;EUR;Euronext Paris;;880;846;;;
20260901;SXXP;STOXX Europe 600;EU0009658202;IT90CW;;AVI.MI;AVIO;IT;EUR;Borsa Italiana;;881;862;;;
20260901;SXXP;STOXX Europe 600;EU0009658202;SE15Q2;;VOLCARb.ST;VOLVO CAR B;SE;SEK;NASDAQ Stockholm;;882;836;;;
20260901;SXXP;STOXX Europe 600;EU0009658202;532812;;MTGb.ST;MODERN TIMES GRP B;SE;SEK;NASDAQ Stockholm;;883;856;;;
20260901;SXXP;STOXX Europe 600;EU0009658202;CH7044;;LANDI.S;LANDIS GYR GROUP AG;CH;CHF;Six Swiss Exchange;;884;825;;;
20260901;SXXP;STOXX Europe 600;EU0009658202;429537;;EVNV.VI;EVN;AT;EUR;Wiener Boerse AG;;885;866;;;
20260901;SXXP;STOXX Europe 600;EU0009658202;NO10R3;;NAS.OL;NORWEGIAN AIR SHUTTLE;NO;NOK;Oslo Bors;;886;863;;;
20260901;SXXP;STOXX Europe 600;EU0009658202;EY024;;ARYN.S;ARYZTA;CH;CHF;Six Swiss Exchange;;887;765;;;
20260901;SXXP;STOXX Europe 600;EU0009658202;572812;;ACE.MI;ACEA;IT;EUR;Borsa Italiana;;888;932;;;
20260901;SXXP;STOXX Europe 600;EU0009658202;CH8012;;DAE.S;DAETWYLER 'I';CH;CHF;Six Swiss Exchange;;889;850;;;
20260901;SXXP;STOXX Europe 600;EU0009658202;PL20FR;;ASBP.WA;ASBISC ENTERPRISES (DI);PL;PLN;Warsaw SE;;890;938;;;
20260901;SXXP;STOXX Europe 600;EU0009658202;B233HR;;RENE.LS;Redes Energeticas Nacionais;PT;EUR;Euronext Lisbon;;891;875;;;
20260901;SXXP;STOXX Europe 600;EU0009658202;465568;;OERL.S;OC OERLIKON;CH;CHF;Six Swiss Exchange;;892;900;;;
20260901;SXXP;STOXX Europe 600;EU0009658202;B1ZBKY;;MONY.L;MONY GROUP;GB;GBP;London SE;;893;876;;;
20260901;SXXP;STOXX Europe 600;EU0009658202;ES0028;;PHMR.MC;PHARMA MAR;ES;EUR;BME Exchange;;894;886;;;
20260901;SXXP;STOXX Europe 600;EU0009658202;997836;;VCTP.PA;VICAT;FR;EUR;Euronext Paris;;895;870;;;
20260901;SXXP;STOXX Europe 600;EU0009658202;IE7014;;GLV.I;GLENVEAGH PROPERTIES;IE;EUR;Euronext Dublin;;896;884;;;
20260901;SXXP;STOXX Europe 600;EU0009658202;733945;;EMEIS.PA;EMEIS;FR;EUR;Euronext Paris;;897;831;;;
20260901;SXXP;STOXX Europe 600;EU0009658202;B28638;;CVSG.L;CVS GROUP;GB;GBP;London SE;;898;889;;;
20260901;SXXP;STOXX Europe 600;EU0009658202;GB1EZ5;;BCG.L;BALTIC CLASSIFIEDS GROUP;GB;GBP;London SE;;899;887;;;
20260901;SXXP;STOXX Europe 600;EU0009658202;NO801K;;ODLO.OL;ODFJELL DRILLING;NO;NOK;Oslo Bors;;900;898;;;
20260901;SXXP;STOXX Europe 600;EU0009658202;DE602Z;;RDC.DE;REDCARE PHARMACY;DE;EUR;XETRA;;901;890;;;
20260901;SXXP;STOXX Europe 600;EU0009658202;B0LMF8;;MERY.PA;MERCIALYS REIT;FR;EUR;Euronext Paris;;902;847;;;
20260901;SXXP;STOXX Europe 600;EU0009658202;BE8074;;XIOR.BR;XIOR STUDENT HOUSING;BE;EUR;Euronext Brussels;;903;874;;;
20260901;SXXP;STOXX Europe 600;EU0009658202;421185;;COLR.BR;COLRUYT GROUP;BE;EUR;Euronext Brussels;;904;865;;;
20260901;SXXP;STOXX Europe 600;EU0009658202;NO807Q;;ELK.OL;ELKEM ASA;NO;NOK;Oslo Bors;;905;920;;;
20260901;SXXP;STOXX Europe 600;EU0009658202;SE14JU;;CIBUS.ST;CIBUS REAL ESTATE;SE;SEK;NASDAQ Stockholm;;906;871;;;
20260901;SXXP;STOXX Europe 600;EU0009658202;NL505I;;FLOW.AS;FLOW TRADERS;NL;EUR;Euronext Amsterdam;;907;922;;;
20260901;SXXP;STOXX Europe 600;EU0009658202;FR14NY;;IDLA.PA;ID LOGISTICS GROUP;FR;EUR;Euronext Paris;;908;852;;;
20260901;SXXP;STOXX Europe 600;EU0009658202;B04QR1;;MDVP.WA;MODIVO SA;PL;PLN;Warsaw SE;;909;854;;;
20260901;SXXP;STOXX Europe 600;EU0009658202;435003;;FORN.S;FORBO 'R';CH;CHF;Six Swiss Exchange;;910;909;;;
20260901;SXXP;STOXX Europe 600;EU0009658202;DE7064;;JST.DE;JOST WERKE;DE;EUR;XETRA;;911;918;;;
20260901;SXXP;STOXX Europe 600;EU0009658202;IT502I;;OVS.MI;OVS SPA;IT;EUR;Borsa Italiana;;912;868;;;
20260901;SXXP;STOXX Europe 600;EU0009658202;IT706O;;TIP.MI;TAMBURI INV.PARTNERS SPA;IT;EUR;Borsa Italiana;;913;905;;;
20260901;SXXP;STOXX Europe 600;EU0009658202;NO60P6;;COSH.OL;CONSTELLATION OIL SERVICES HOLDING;NO;NOK;Oslo Bors;;914;;;;
20260901;SXXP;STOXX Europe 600;EU0009658202;GB10SK;;MOONM.L;MOONPIG GROUP;GB;GBP;London SE;;915;904;;;
20260901;SXXP;STOXX Europe 600;EU0009658202;018592;;VTYV.L;VISTRY GROUP;GB;GBP;London SE;;916;902;;;
20260901;SXXP;STOXX Europe 600;EU0009658202;NO909T;;MPCC.OL;MPC CONTAINER SHIPS;NO;NOK;Oslo Bors;;917;955;;;
20260901;SXXP;STOXX Europe 600;EU0009658202;B00FPT;;CSN.L;CHESNARA;GB;GBP;London SE;;918;925;;;
20260901;SXXP;STOXX Europe 600;EU0009658202;SE10HO;;BETSb.ST;BETSSON B;SE;SEK;NASDAQ Stockholm;;919;881;;;
20260901;SXXP;STOXX Europe 600;EU0009658202;DE1473;;SFQ.DE;SAF-HOLLAND;DE;EUR;XETRA;;920;908;;;
20260901;SXXP;STOXX Europe 600;EU0009658202;737143;;INTRUM.ST;INTRUM;SE;SEK;NASDAQ Stockholm;;921;1002;;;
20260901;SXXP;STOXX Europe 600;EU0009658202;572670;;BOSSn.DE;HUGO BOSS;DE;EUR;XETRA;;922;719;;;
20260901;SXXP;STOXX Europe 600;EU0009658202;444913;;HUFVa.ST;HUFVUDSTADEN;SE;SEK;NASDAQ Stockholm;;923;864;;;
20260901;SXXP;STOXX Europe 600;EU0009658202;951104;;WBD.MI;WEBUILD;IT;EUR;Borsa Italiana;;924;892;;;
20260901;SXXP;STOXX Europe 600;EU0009658202;SE80JX;;ALTRAF.ST;ALTRA FASTIGHETER;SE;SEK;NASDAQ Stockholm;;925;883;;;
20260901;SXXP;STOXX Europe 600;EU0009658202;B00D9P;;PROX.BR;PROXIMUS;BE;EUR;Euronext Brussels;;926;895;;;
20260901;SXXP;STOXX Europe 600;EU0009658202;SE004A;;EPROb.ST;ELECTROLUX PROFESSIONAL B;SE;SEK;NASDAQ Stockholm;;927;906;;;
20260901;SXXP;STOXX Europe 600;EU0009658202;SE50HS;;CLOEb.ST;CLOETTA 'B';SE;SEK;NASDAQ Stockholm;;928;894;;;
20260901;SXXP;STOXX Europe 600;EU0009658202;SE13Y8;;EMBRACb.ST;EMBRACER GROUP;SE;SEK;NASDAQ Stockholm;;929;917;;;
20260901;SXXP;STOXX Europe 600;EU0009658202;B1577G;;POST.VI;OESTERREICHISCHE POST;AT;EUR;Wiener Boerse AG;;930;885;;;
20260901;SXXP;STOXX Europe 600;EU0009658202;CH7022;;IDIA.S;IDORSIA LIMITED;CH;CHF;Six Swiss Exchange;;931;826;;;
20260901;SXXP;STOXX Europe 600;EU0009658202;FR905K;;CARM.PA;CARMILA;FR;EUR;Euronext Paris;;932;880;;;
20260901;SXXP;STOXX Europe 600;EU0009658202;B29F9S;;ROVI.MC;LBOS.FARMACEUTICOS ROVI;ES;EUR;BME Exchange;;933;913;;;
20260901;SXXP;STOXX Europe 600;EU0009658202;307428;;RCOP.PA;REMY COINTREAU;FR;EUR;Euronext Paris;;934;882;;;
20260901;SXXP;STOXX Europe 600;EU0009658202;093900;;VLX.L;VOLEX;GB;GBP;London SE;;935;;;;
20260901;SXXP;STOXX Europe 600;EU0009658202;GB602Z;;CMCX.L;CMC MARKETS;GB;GBP;London SE;;936;;;;
20260901;SXXP;STOXX Europe 600;EU0009658202;SE20MU;;MILDEF.ST;MILDEF GROUP;SE;SEK;NASDAQ Stockholm;;937;924;;;
20260901;SXXP;STOXX Europe 600;EU0009658202;DE13SN;;DRWG_p.DE;DRAEGERWERK PREF.;DE;EUR;XETRA;;938;921;;;
20260901;SXXP;STOXX Europe 600;EU0009658202;SE504F;;HOFI.ST;HOIST FINANCE AB;SE;SEK;NASDAQ Stockholm;;939;915;;;
20260901;SXXP;STOXX Europe 600;EU0009658202;GB10RJ;;BYIT.L;BYTES TECHNOLOGY GROUP;GB;GBP;London SE;;940;1037;;;
20260901;SXXP;STOXX Europe 600;EU0009658202;GB20OH;;DOM.L;DOMINOS PIZZA GROUP;GB;GBP;London SE;;941;933;;;
20260901;SXXP;STOXX Europe 600;EU0009658202;GR601E;;CREDIAr.AT;CREDIABANK;GR;EUR;ATHENS SE;;942;;;;
20260901;SXXP;STOXX Europe 600;EU0009658202;581141;;NOS.LS;NOS SGPS;PT;EUR;Euronext Lisbon;;943;931;;;
20260901;SXXP;STOXX Europe 600;EU0009658202;CH12RN;;DESN.S;DOTTIKON ES HOLDING;CH;CHF;Six Swiss Exchange;;944;911;;;
20260901;SXXP;STOXX Europe 600;EU0009658202;GR501D;;AKTRr.AT;AKTOR HLD. COMP. TCHN.&. ENERGY PROJECTS;GR;EUR;ATHENS SE;;945;;;;
20260901;SXXP;STOXX Europe 600;EU0009658202;SE50NY;;BIOGb.ST;BIOGAIA 'B';SE;SEK;NASDAQ Stockholm;;946;914;;;
20260901;SXXP;STOXX Europe 600;EU0009658202;NL120B;;FUGR.AS;FUGRO;NL;EUR;Euronext Amsterdam;;947;936;;;
20260901;SXXP;STOXX Europe 600;EU0009658202;EW041;;CPS.WA;CYFROWY POLSAT;PL;PLN;Warsaw SE;;948;899;;;
20260901;SXXP;STOXX Europe 600;EU0009658202;SE10FM;;AFRY.ST;AFRY;SE;SEK;NASDAQ Stockholm;;949;919;;;
20260901;SXXP;STOXX Europe 600;EU0009658202;SE90HW;;VITb.ST;VITEC SOFTWARE GROUP B;SE;SEK;NASDAQ Stockholm;;950;965;;;
20260901;SXXP;STOXX Europe 600;EU0009658202;DE80BA;;SIXG.DE;SIXT;DE;EUR;XETRA;;951;934;;;
20260901;SXXP;STOXX Europe 600;EU0009658202;GB1EJP;;DSCV.L;DISCOVERIE GROUP;GB;GBP;London SE;;952;937;;;
20260901;SXXP;STOXX Europe 600;EU0009658202;SE506H;;BILIa.ST;BILIA 'A';SE;SEK;NASDAQ Stockholm;;953;903;;;
20260901;SXXP;STOXX Europe 600;EU0009658202;CH8034;;SENSI.S;SENSIRION HOLDING;CH;CHF;Six Swiss Exchange;;954;951;;;
20260901;SXXP;STOXX Europe 600;EU0009658202;EB402;;JUP.L;JUPITER FUND MANAGEMENT;GB;GBP;London SE;;955;958;;;
20260901;SXXP;STOXX Europe 600;EU0009658202;FR0028;;ARGAN.PA;ARGAN;FR;EUR;Euronext Paris;;956;916;;;
20260901;SXXP;STOXX Europe 600;EU0009658202;CH12ZV;;SKAN.S;SKAN N (BRN);CH;CHF;Six Swiss Exchange;;957;953;;;
20260901;SXXP;STOXX Europe 600;EU0009658202;050840;;VSVS.L;VESUVIUS;GB;GBP;London SE;;958;944;;;
20260901;SXXP;STOXX Europe 600;EU0009658202;DE302W;;DUEG.DE;DUERR;DE;EUR;XETRA;;959;940;;;
20260901;SXXP;STOXX Europe 600;EU0009658202;525606;;BHW.WA;HANDLOWY;PL;PLN;Warsaw SE;;960;927;;;
20260901;SXXP;STOXX Europe 600;EU0009658202;440920;;FIEG.DE;FIELMANN GROUP;DE;EUR;XETRA;;961;926;;;
20260901;SXXP;STOXX Europe 600;EU0009658202;SE90JY;;MIPS.ST;MIPS;SE;SEK;NASDAQ Stockholm;;962;893;;;
20260901;SXXP;STOXX Europe 600;EU0009658202;573829;;MEL.MC;MELIA HOTELS INTL.;ES;EUR;BME Exchange;;963;928;;;
20260901;SXXP;STOXX Europe 600;EU0009658202;DE35UT;;TNIE.DE;TONIES;DE;EUR;XETRA;;964;929;;;
20260901;SXXP;STOXX Europe 600;EU0009658202;579928;;BYLOTr.AT;BALLY'S INTRALOT;GR;EUR;ATHENS SE;;965;;;;
20260901;SXXP;STOXX Europe 600;EU0009658202;BE106W;;LKFT.AS;LAKEFRONT BIOTHERAPEUTICS;BE;EUR;Euronext Amsterdam;;966;946;;;
20260901;SXXP;STOXX Europe 600;EU0009658202;SE149K;;SDIPb.ST;SDIPTECH;SE;SEK;NASDAQ Stockholm;;967;954;;;
20260901;SXXP;STOXX Europe 600;EU0009658202;598475;;DNORD.CO;DMPKBT.NORDEN;DK;DKK;NASDAQ Copenhagen;;968;952;;;
20260901;SXXP;STOXX Europe 600;EU0009658202;CH12SO;;AERO.S;MONTANA AEROSPACE;CH;CHF;Six Swiss Exchange;;969;935;;;
20260901;SXXP;STOXX Europe 600;EU0009658202;DE13PK;;AOFG.DE;ATOSS SOFTWARE;DE;EUR;XETRA;;970;986;;;
20260901;SXXP;STOXX Europe 600;EU0009658202;FR14CN;;DBG.PA;DERICHEBOURG;FR;EUR;Euronext Paris;;971;939;;;
20260901;SXXP;STOXX Europe 600;EU0009658202;445776;;IMTP.PA;IMERYS;FR;EUR;Euronext Paris;;972;960;;;
20260901;SXXP;STOXX Europe 600;EU0009658202;NL405H;;HAVAS.AS;HAVAS;NL;EUR;Euronext Amsterdam;;973;943;;;
20260901;SXXP;STOXX Europe 600;EU0009658202;326127;;MAB.L;MITCHELLS & BUTLERS;GB;GBP;London SE;;974;948;;;
20260901;SXXP;STOXX Europe 600;EU0009658202;DE50FB;;HLAG.DE;HAPAG-LLOYD AG;DE;EUR;XETRA;;975;957;;;
20260901;SXXP;STOXX Europe 600;EU0009658202;B00FX5;;BSLN.S;BASILEA PHARMACEUTICA 'R';CH;CHF;Six Swiss Exchange;;976;1008;;;
20260901;SXXP;STOXX Europe 600;EU0009658202;SE703G;;INSTAL.ST;INSTALCO AB;SE;SEK;NASDAQ Stockholm;;977;949;;;
20260901;SXXP;STOXX Europe 600;EU0009658202;FI0041;;HARVIA.HE;HARVIA;FI;EUR;NASDAQ Helsinki;;978;971;;;
20260901;SXXP;STOXX Europe 600;EU0009658202;NO90J3;;SATSS.OL;SATS ASA;NO;NOK;Oslo Bors;;979;972;;;
20260901;SXXP;STOXX Europe 600;EU0009658202;AT503B;;ABGV.VI;PORR;AT;EUR;Wiener Boerse AG;;980;969;;;
20260901;SXXP;STOXX Europe 600;EU0009658202;FR149K;;CBLP.PA;MERSEN (EX LCL);FR;EUR;Euronext Paris;;981;959;;;
20260901;SXXP;STOXX Europe 600;EU0009658202;FR50JU;;MEDCL.PA;MEDINCELL;FR;EUR;Euronext Paris;;982;923;;;
20260901;SXXP;STOXX Europe 600;EU0009658202;SE408I;;INWI.ST;INWIDO;SE;SEK;NASDAQ Stockholm;;983;945;;;
20260901;SXXP;STOXX Europe 600;EU0009658202;CH90DF;;MOVE.S;MEDACTA GROUP;CH;CHF;Six Swiss Exchange;;984;941;;;
20260901;SXXP;STOXX Europe 600;EU0009658202;GB4094;;GENG.L;GENUIT GRP PLC;GB;GBP;London SE;;985;961;;;
20260901;SXXP;STOXX Europe 600;EU0009658202;GB90JJ;;TRNT.L;TRAINLINE PLC;GB;GBP;London SE;;986;891;;;
20260901;SXXP;STOXX Europe 600;EU0009658202;B1HP07;;LIAB.ST;LINDAB INTERNATIONAL;SE;SEK;NASDAQ Stockholm;;987;967;;;
20260901;SXXP;STOXX Europe 600;EU0009658202;B1YY66;;ALM.MC;ALMIRALL;ES;EUR;BME Exchange;;988;950;;;
20260901;SXXP;STOXX Europe 600;EU0009658202;302323;;PAGE.L;MICHAEL PAGE;GB;GBP;London SE;;989;1022;;;
20260901;SXXP;STOXX Europe 600;EU0009658202;ES702F;;HOME.MC;NEINOR HOMES S.A.U.;ES;EUR;BME Exchange;;990;956;;;
20260901;SXXP;STOXX Europe 600;EU0009658202;GB3Z3W;;CWR.L;CERES POWER HOLDINGS;GB;GBP;London SE;;991;1033;;;
20260901;SXXP;STOXX Europe 600;EU0009658202;DE35BA;;1SXP.DE;SCHOTT PHARMA;DE;EUR;XETRA;;992;975;;;
20260901;SXXP;STOXX Europe 600;EU0009658202;SE60Q2;;SILEX.ST;SILEX MICROSYSTEMS;SE;SEK;NASDAQ Stockholm;;993;;;;
20260901;SXXP;STOXX Europe 600;EU0009658202;GR701F;;ADMr.AT;IPTO HOLDING;GR;EUR;ATHENS SE;;994;;;;
20260901;SXXP;STOXX Europe 600;EU0009658202;SE148J;;HTRO.ST;HEXATRONIC GROUP;SE;SEK;NASDAQ Stockholm;;995;973;;;
20260901;SXXP;STOXX Europe 600;EU0009658202;SE14AL;;SIVEH.ST;SIVERS SEMICONDUCTORS;SE;SEK;NASDAQ Stockholm;;996;979;;;
20260901;SXXP;STOXX Europe 600;EU0009658202;SE509K;;ALIG.ST;ALIMAK GROUP;SE;SEK;NASDAQ Stockholm;;997;964;;;
20260901;SXXP;STOXX Europe 600;EU0009658202;GB9066;;BAG.L;BARR (AG);GB;GBP;London SE;;998;947;;;
20260901;SXXP;STOXX Europe 600;EU0009658202;060272;;MGAMM.L;MORGAN ADVANCED MATERIALS;GB;GBP;London SE;;999;984;;;
20260901;SXXP;STOXX Europe 600;EU0009658202;092922;;VCTX.L;VICTREX;GB;GBP;London SE;;1000;989;;;
20260901;SXXP;STOXX Europe 600;EU0009658202;FR603F;;IVAA.PA;INVENTIVA;FR;EUR;Euronext Paris;;1001;1075;;;
20260901;SXXP;STOXX Europe 600;EU0009658202;IT14L1;;MFEA.MI;MFE A;IT;EUR;Borsa Italiana;;1002;966;;;
20260901;SXXP;STOXX Europe 600;EU0009658202;GB7031;;XPS.L;XPS PENSIONS GROUP;GB;GBP;London SE;;1003;974;;;
20260901;SXXP;STOXX Europe 600;EU0009658202;DE34SQ;;OHBG.DE;OHB;DE;EUR;XETRA;;1004;;;;
20260901;SXXP;STOXX Europe 600;EU0009658202;SE909O;;IVSO.ST;INVISIO;SE;SEK;NASDAQ Stockholm;;1005;1000;;;
20260901;SXXP;STOXX Europe 600;EU0009658202;CH50B9;;SMGC.S;SMG;CH;CHF;Six Swiss Exchange;;1006;1059;;;
20260901;SXXP;STOXX Europe 600;EU0009658202;B1Y47Y;;GXIG.DE;GERRESHEIMER;DE;EUR;XETRA;;1007;980;;;
20260901;SXXP;STOXX Europe 600;EU0009658202;336292;;IPO.L;IP GRP;GB;GBP;London SE;;1008;1031;;;
20260901;SXXP;STOXX Europe 600;EU0009658202;FI7059;;TTALO.HE;TERVEYSTALO OY;FI;EUR;NASDAQ Helsinki;;1009;1054;;;
20260901;SXXP;STOXX Europe 600;EU0009658202;B287X7;;SYSR.ST;SYSTEMAIR;SE;SEK;NASDAQ Stockholm;;1010;982;;;
20260901;SXXP;STOXX Europe 600;EU0009658202;GB40C7;;SAGA.L;SAGA;GB;GBP;London SE;;1011;983;;;
20260901;SXXP;STOXX Europe 600;EU0009658202;GB402X;;TEP.L;TELECOM PLUS;GB;GBP;London SE;;1012;991;;;
20260901;SXXP;STOXX Europe 600;EU0009658202;B17WCM;;SMWH.L;NEW WH SMITH;GB;GBP;London SE;;1013;1032;;;
20260901;SXXP;STOXX Europe 600;EU0009658202;076680;;CBRO.L;CLOSE BROTHERS GRP;GB;GBP;London SE;;1014;977;;;
20260901;SXXP;STOXX Europe 600;EU0009658202;411574;;DESI.MI;BNC.DI DESIO E DELB.;IT;EUR;Borsa Italiana;;1015;996;;;
20260901;SXXP;STOXX Europe 600;EU0009658202;DE9011;;KTN.DE;KONTRON;DE;EUR;XETRA;;1016;888;;;
20260901;SXXP;STOXX Europe 600;EU0009658202;GB512Z;;ITH.L;ITHACA ENERGY;GB;GBP;London SE;;1017;1035;;;
20260901;SXXP;STOXX Europe 600;EU0009658202;FI908E;;QTCOM.HE;QT GROUP;FI;EUR;NASDAQ Helsinki;;1018;1100;;;
20260901;SXXP;STOXX Europe 600;EU0009658202;CH12PL;;ZEHN.S;ZEHNDER GROUP;CH;CHF;Six Swiss Exchange;;1019;1014;;;
20260901;SXXP;STOXX Europe 600;EU0009658202;GB40A5;;GFRD.L;GALLIFORD TRY;GB;GBP;London SE;;1020;1004;;;
20260901;SXXP;STOXX Europe 600;EU0009658202;493461;;VIOH.AT;VIOHALCO (ATH);GR;EUR;ATHENS SE;;1021;;;;
20260901;SXXP;STOXX Europe 600;EU0009658202;FR302B;;OPM.PA;OPMOBILITY;FR;EUR;Euronext Paris;;1022;987;;;
20260901;SXXP;STOXX Europe 600;EU0009658202;GB40OJ;;SPI.L;SPIRE HEALTHCARE GP.;GB;GBP;London SE;;1023;995;;;
20260901;SXXP;STOXX Europe 600;EU0009658202;BE8063;;SHUR.BR;SHURGARD SELF STORAGE;BE;EUR;Euronext Brussels;;1024;963;;;
20260901;SXXP;STOXX Europe 600;EU0009658202;SE10X4;;HEM.ST;HEMNET;SE;SEK;NASDAQ Stockholm;;1025;1027;;;
20260901;SXXP;STOXX Europe 600;EU0009658202;GB60XU;;COSG.L;COSTAIN GROUP;GB;GBP;London SE;;1026;1023;;;
20260901;SXXP;STOXX Europe 600;EU0009658202;415550;;JM.ST;JM;SE;SEK;NASDAQ Stockholm;;1027;1012;;;
20260901;SXXP;STOXX Europe 600;EU0009658202;NL122D;;PHAR.AS;PHARMING GROUP;NL;EUR;Euronext Amsterdam;;1028;1045;;;
20260901;SXXP;STOXX Europe 600;EU0009658202;B012TP;;HFD.L;HALFORDS GROUP;GB;GBP;London SE;;1029;1043;;;
20260901;SXXP;STOXX Europe 600;EU0009658202;PL50ET;;DIAP.WA;DIAGNOSTYKA;PL;PLN;Warsaw SE;;1030;1009;;;
20260901;SXXP;STOXX Europe 600;EU0009658202;CH10HB;;CFT.S;COMPAGNIE FINANCIERE TRADITION;CH;CHF;Six Swiss Exchange;;1031;962;;;
20260901;SXXP;STOXX Europe 600;EU0009658202;GB10ME;;CRE.L;CONDUIT HOLDINGS;GB;GBP;London SE;;1032;1019;;;
20260901;SXXP;STOXX Europe 600;EU0009658202;CH1071;;PPGN.S;POLYPEPTIDE N;CH;CHF;Six Swiss Exchange;;1033;1003;;;
20260901;SXXP;STOXX Europe 600;EU0009658202;PT102L;;NVGR.LS;NAVIGATOR;PT;EUR;Euronext Lisbon;;1034;1001;;;
20260901;SXXP;STOXX Europe 600;EU0009658202;FR909O;;IPAR.PA;INTERPARFUMS;FR;EUR;Euronext Paris;;1035;1063;;;
20260901;SXXP;STOXX Europe 600;EU0009658202;CH4085;;RSGN.S;R&S GROUP HOLDING AG;CH;CHF;Six Swiss Exchange;;1036;976;;;
20260901;SXXP;STOXX Europe 600;EU0009658202;488116;;TFFP.PA;TF1;FR;EUR;Euronext Paris;;1037;993;;;
20260901;SXXP;STOXX Europe 600;EU0009658202;NO208L;;NORBT.OL;NORBIT;NO;NOK;Oslo Bors;;1038;992;;;
20260901;SXXP;STOXX Europe 600;EU0009658202;SE905K;;NEWAb.ST;NEW WAVE GROUP B;SE;SEK;NASDAQ Stockholm;;1039;978;;;
20260901;SXXP;STOXX Europe 600;EU0009658202;B17R24;;WACGn.DE;WACKER NEUSON;DE;EUR;XETRA;;1040;1029;;;
20260901;SXXP;STOXX Europe 600;EU0009658202;SE15R3;;DYVOX.ST;DYNAVOX;SE;SEK;NASDAQ Stockholm;;1041;1026;;;
20260901;SXXP;STOXX Europe 600;EU0009658202;DK6025;;DFDS.CO;DFDS;DK;DKK;NASDAQ Copenhagen;;1042;1084;;;
20260901;SXXP;STOXX Europe 600;EU0009658202;SE3AWF;;VIMIAN.ST;VIMIAN GROUP;SE;SEK;NASDAQ Stockholm;;1043;1016;;;
20260901;SXXP;STOXX Europe 600;EU0009658202;447889;;HTG.L;HUNTING;GB;GBP;London SE;;1044;981;;;
20260901;SXXP;STOXX Europe 600;EU0009658202;DE50TP;;OBCK.DE;OTTOBOCK;DE;EUR;XETRA;;1045;1039;;;
20260901;SXXP;STOXX Europe 600;EU0009658202;GB005W;;AVON.L;AVON TECHNOLOGIES;GB;GBP;London SE;;1046;1046;;;
20260901;SXXP;STOXX Europe 600;EU0009658202;GB9088;;HFG.L;HILTON FOOD GROUP;GB;GBP;London SE;;1047;1040;;;
20260901;SXXP;STOXX Europe 600;EU0009658202;BE10B1;;KIPO.BR;KINEPOLIS GROUP;BE;EUR;Euronext Brussels;;1048;1070;;;
20260901;SXXP;STOXX Europe 600;EU0009658202;016389;;JDW.L;WETHERSPOON (J.D.);GB;GBP;London SE;;1049;1050;;;
20260901;SXXP;STOXX Europe 600;EU0009658202;IT204H;;ICOS.MI;INTERCOS;IT;EUR;Borsa Italiana;;1050;;;;
20260901;SXXP;STOXX Europe 600;EU0009658202;FR90AP;;GNFT.PA;GENFIT;FR;EUR;Euronext Paris;;1051;;;;
20260901;SXXP;STOXX Europe 600;EU0009658202;578446;;SZUG.DE;SUEDZUCKER;DE;EUR;XETRA;;1052;1071;;;
20260901;SXXP;STOXX Europe 600;EU0009658202;FR704H;;DBV.PA;DBV TECHNOLOGIES;FR;EUR;Euronext Paris;;1053;1062;;;
20260901;SXXP;STOXX Europe 600;EU0009658202;SE706J;;BOOZT.ST;BOOZT AB;SE;SEK;NASDAQ Stockholm;;1054;1015;;;
20260901;SXXP;STOXX Europe 600;EU0009658202;DE107Z;;DWNG.DE;DEUTSCHE WOHNEN BR.SHS.;DE;EUR;XETRA;;1055;1013;;;
20260901;SXXP;STOXX Europe 600;EU0009658202;568104;;CAIV.VI;CA IMMOBILIEN ANLAGEN;AT;EUR;Wiener Boerse AG;;1056;968;;;
20260901;SXXP;STOXX Europe 600;EU0009658202;GB6074;;MTRO.L;METRO BANK HOLDINGS;GB;GBP;London SE;;1057;1024;;;
20260901;SXXP;STOXX Europe 600;EU0009658202;IT10DP;;SFER.MI;SALVATORE FERRAGAMO;IT;EUR;Borsa Italiana;;1058;1011;;;
20260901;SXXP;STOXX Europe 600;EU0009658202;GB5152;;GDWN.L;GOODWIN;GB;GBP;London SE;;1059;1053;;;
20260901;SXXP;STOXX Europe 600;EU0009658202;SE50OZ;;DOMETIC.ST;DOMETIC GROUP AB;SE;SEK;NASDAQ Stockholm;;1060;1005;;;
20260901;SXXP;STOXX Europe 600;EU0009658202;IT904O;;CEMI.MI;CEMENTIR HOLDING;IT;EUR;Borsa Italiana;;1061;1020;;;
20260901;SXXP;STOXX Europe 600;EU0009658202;FR90CR;;VIRI.PA;VIRIDIEN;FR;EUR;Euronext Paris;;1062;1017;;;
20260901;SXXP;STOXX Europe 600;EU0009658202;CH10IC;;KURN.S;KUROS BIOSCIENCES;CH;CHF;Six Swiss Exchange;;1063;990;;;
20260901;SXXP;STOXX Europe 600;EU0009658202;B0M7KJ;;ETL.PA;EUTELSAT COMMUNICATION;FR;EUR;Euronext Paris;;1064;997;;;
20260901;SXXP;STOXX Europe 600;EU0009658202;GB1822;;JSG.L;JOHNSON SERVICE GROUP;GB;GBP;London SE;;1065;1018;;;
20260901;SXXP;STOXX Europe 600;EU0009658202;SE507I;;NORION.ST;NORION BANK;SE;SEK;NASDAQ Stockholm;;1066;1180;;;
20260901;SXXP;STOXX Europe 600;EU0009658202;SE606I;;VITR.ST;VITROLIFE;SE;SEK;NASDAQ Stockholm;;1067;1069;;;
20260901;SXXP;STOXX Europe 600;EU0009658202;NO00GR;;LINK.OL;LINK MOBILITY GROUP HOLDINGS A;NO;NOK;Oslo Bors;;1068;1044;;;
20260901;SXXP;STOXX Europe 600;EU0009658202;424894;;LMDr.AT;LAMDA DEVELOPMENT;GR;EUR;ATHENS SE;;1069;;;;
20260901;SXXP;STOXX Europe 600;EU0009658202;DE1462;;NA9n.DE;NAGARRO N;DE;EUR;XETRA;;1070;1082;;;
20260901;SXXP;STOXX Europe 600;EU0009658202;IT005G;;SES.MI;SESA;IT;EUR;Borsa Italiana;;1071;1028;;;
20260901;SXXP;STOXX Europe 600;EU0009658202;ES11BJ;;ANE.MC;CORPO. ACCIONA ENERG. RENOV.;ES;EUR;BME Exchange;;1072;1042;;;
20260901;SXXP;STOXX Europe 600;EU0009658202;SE90P4;;KARNO.ST;KARNOV GROUP AB;SE;SEK;NASDAQ Stockholm;;1073;1087;;;
20260901;SXXP;STOXX Europe 600;EU0009658202;PL101C;;GPW.WA;WARSAW STOCK EXCHANGE;PL;PLN;Warsaw SE;;1074;1036;;;
20260901;SXXP;STOXX Europe 600;EU0009658202;GB12TN;;BLPU.L;BLOOMSBURY PBL.;GB;GBP;London SE;;1075;1067;;;
20260901;SXXP;STOXX Europe 600;EU0009658202;GB00B2;;N91.L;NINETY ONE;GB;GBP;London SE;;1076;1047;;;
20260901;SXXP;STOXX Europe 600;EU0009658202;456364;;MMKV.VI;MAYR MELNHOF KARTON;AT;EUR;Wiener Boerse AG;;1077;999;;;
20260901;SXXP;STOXX Europe 600;EU0009658202;FR40BL;;CLARI.PA;CLARIANE;FR;EUR;Euronext Paris;;1078;1058;;;
20260901;SXXP;STOXX Europe 600;EU0009658202;DE114X;;KSBG_p.DE;KSB PREFERENCE;DE;EUR;XETRA;;1079;1072;;;
20260901;SXXP;STOXX Europe 600;EU0009658202;ES50BM;;CIRSA.MC;CIRSA ENTERPRISES SAU;ES;EUR;BME Exchange;;1080;1073;;;
20260901;SXXP;STOXX Europe 600;EU0009658202;454625;;MMTP.PA;M6-METROPOLE TV;FR;EUR;Euronext Paris;;1081;1057;;;
20260901;SXXP;STOXX Europe 600;EU0009658202;SE90AP;;XVIVO.ST;XVIVO PERFUSION;SE;SEK;NASDAQ Stockholm;;1082;1056;;;
20260901;SXXP;STOXX Europe 600;EU0009658202;DE13YT;;TPEG.DE;PVA TEPLA;DE;EUR;XETRA;;1083;1034;;;
20260901;SXXP;STOXX Europe 600;EU0009658202;CH90CE;;CMHC.S;COSMO;CH;CHF;Six Swiss Exchange;;1084;1030;;;
20260901;SXXP;STOXX Europe 600;EU0009658202;IT702K;;BFF.MI;BFF BANK S.P.A.;IT;EUR;Borsa Italiana;;1085;1083;;;
20260901;SXXP;STOXX Europe 600;EU0009658202;509233;;VOSG.DE;VOSSLOH;DE;EUR;XETRA;;1086;1078;;;
20260901;SXXP;STOXX Europe 600;EU0009658202;DE3396;;VH2.DE;FRIEDRICH VORWERK GROUP;DE;EUR;XETRA;;1087;1102;;;
20260901;SXXP;STOXX Europe 600;EU0009658202;DK1244;;NTGNT.CO;NTG NORDIC TRANSPORT GROUP;DK;DKK;NASDAQ Copenhagen;;1088;1091;;;
20260901;SXXP;STOXX Europe 600;EU0009658202;GB511Y;;HBX.MC;HBX GROUP INTERNATIONAL;GB;EUR;BME Exchange;;1089;1051;;;
20260901;SXXP;STOXX Europe 600;EU0009658202;SE15LX;;TRUEb.ST;TRUECALLER B;SE;SEK;NASDAQ Stockholm;;1090;1120;;;
20260901;SXXP;STOXX Europe 600;EU0009658202;B126KF;;ICAD.PA;ICADE;FR;EUR;Euronext Paris;;1091;1048;;;
20260901;SXXP;STOXX Europe 600;EU0009658202;SE11NV;;STORYb.ST;STORYTEL B;SE;SEK;NASDAQ Stockholm;;1092;;;;
20260901;SXXP;STOXX Europe 600;EU0009658202;CH131Y;;MOZN.S;MOBILEZONE HOLDING;CH;CHF;Six Swiss Exchange;;1093;1041;;;
20260901;SXXP;STOXX Europe 600;EU0009658202;DE10H9;;EUZG.DE;ECKERT & ZIEGLER;DE;EUR;XETRA;;1094;1064;;;
20260901;SXXP;STOXX Europe 600;EU0009658202;IT906Q;;MOL.MI;Moltiply Group;IT;EUR;Borsa Italiana;;1095;1081;;;
20260901;SXXP;STOXX Europe 600;EU0009658202;445525;;PTSB.I;PERMANENT TSB GHG.;IE;EUR;Euronext Dublin;;1096;1074;;;
20260901;SXXP;STOXX Europe 600;EU0009658202;PT402O;;CTT.LS;CTT CORREIOS DE PORTUGAL;PT;EUR;Euronext Lisbon;;1097;1089;;;
20260901;SXXP;STOXX Europe 600;EU0009658202;GB50XT;;RPI.L;RASPBERRY PI HOLDINGS;GB;GBP;London SE;;1098;1010;;;
20260901;SXXP;STOXX Europe 600;EU0009658202;IT13ZE;;LUVE.MI;LUVE;IT;EUR;Borsa Italiana;;1099;1085;;;
20260901;SXXP;STOXX Europe 600;EU0009658202;B1FQQK;;VBKG.DE;VERBIO;DE;EUR;XETRA;;1100;1060;;;
20260901;SXXP;STOXX Europe 600;EU0009658202;FR50DO;;ATOS.PA;ATOS GROUP;FR;EUR;Euronext Paris;;1101;1038;;;
20260901;SXXP;STOXX Europe 600;EU0009658202;SE906L;;ANODb.ST;ADDNODE GROUP B;SE;SEK;NASDAQ Stockholm;;1102;1112;;;
20260901;SXXP;STOXX Europe 600;EU0009658202;PL00KU;;SNTP.WA;SYNEKTIK;PL;PLN;Warsaw SE;;1103;1131;;;
20260901;SXXP;STOXX Europe 600;EU0009658202;FR40LV;;PLNW.PA;PLANISWARE;FR;EUR;Euronext Paris;;1104;1095;;;
20260901;SXXP;STOXX Europe 600;EU0009658202;SE30GP;;VISC.ST;Gruvaktiebolaget Viscaria;SE;SEK;NASDAQ Stockholm;;1105;1174;;;
20260901;SXXP;STOXX Europe 600;EU0009658202;PL90DW;;APR.WA;AUTO PARTNER;PL;PLN;Warsaw SE;;1106;1104;;;
20260901;SXXP;STOXX Europe 600;EU0009658202;GB60NK;;BOWL.L;HOLLYWOOD BOWL GROUP;GB;GBP;London SE;;1107;1080;;;
20260901;SXXP;STOXX Europe 600;EU0009658202;GB10PH;;DOCS.L;DR MARTENS;GB;GBP;London SE;;1108;1088;;;
20260901;SXXP;STOXX Europe 600;EU0009658202;DE70A8;;EVTG.DE;EVOTEC;DE;EUR;XETRA;;1109;1077;;;
20260901;SXXP;STOXX Europe 600;EU0009658202;453890;;ATRLJb.ST;ATRIUM LJUNGBERG 'B';SE;SEK;NASDAQ Stockholm;;1110;1066;;;
20260901;SXXP;STOXX Europe 600;EU0009658202;IT90EY;;SNL.MI;SANLORENZO;IT;EUR;Borsa Italiana;;1111;1092;;;
20260901;SXXP;STOXX Europe 600;EU0009658202;AT1026;;PALF.VI;PALFINGER;AT;EUR;Wiener Boerse AG;;1112;1107;;;
20260901;SXXP;STOXX Europe 600;EU0009658202;587183;;UBIP.PA;UBISOFT ENTERTAINMENT;FR;EUR;Euronext Paris;;1113;1068;;;
20260901;SXXP;STOXX Europe 600;EU0009658202;DE60A7;;V1NC.DE;VINCORION;DE;EUR;XETRA;;1114;1143;;;
20260901;SXXP;STOXX Europe 600;EU0009658202;SE50X8;;APOTEA.ST;APOTEA;SE;SEK;NASDAQ Stockholm;;1115;1105;;;
20260901;SXXP;STOXX Europe 600;EU0009658202;IT704M;;IF.MI;BANCA IFIS;IT;EUR;Borsa Italiana;;1116;1099;;;
20260901;SXXP;STOXX Europe 600;EU0009658202;770065;;A3M.MC;ATRESMEDIA CORP;ES;EUR;BME Exchange;;1117;1097;;;
20260901;SXXP;STOXX Europe 600;EU0009658202;SE803H;;RAYb.ST;RAYSEARCH LABORATORIES B;SE;SEK;NASDAQ Stockholm;;1118;1098;;;
20260901;SXXP;STOXX Europe 600;EU0009658202;ES508J;;DIDA.MC;DISTRIBUIDORA INTNAC.DE ALIMENTACION;ES;EUR;BME Exchange;;1119;1096;;;
20260901;SXXP;STOXX Europe 600;EU0009658202;SE13X7;;PDXI.ST;PARADOX INTERACTIVE;SE;SEK;NASDAQ Stockholm;;1120;;;;
20260901;SXXP;STOXX Europe 600;EU0009658202;CH7033;;DOCM.S;DocMorris;CH;CHF;Six Swiss Exchange;;1121;1132;;;
20260901;SXXP;STOXX Europe 600;EU0009658202;GB41C8;;FSGF.L;FORESIGHT GROUP HOLDINGS;GB;GBP;London SE;;1122;1117;;;
20260901;SXXP;STOXX Europe 600;EU0009658202;EB379;;ENQ.L;ENQUEST;GB;GBP;London SE;;1123;1113;;;
20260901;SXXP;STOXX Europe 600;EU0009658202;DE8032;;COKG.DE;CANCOM;DE;EUR;XETRA;;1124;1093;;;
20260901;SXXP;STOXX Europe 600;EU0009658202;FR158K;;OVH.PA;OVH PROMESSES;FR;EUR;Euronext Paris;;1125;1110;;;
20260901;SXXP;STOXX Europe 600;EU0009658202;NO309N;;HSHP.OL;HIMALAYA SHIPPING;NO;NOK;Oslo Bors;;1126;1119;;;
20260901;SXXP;STOXX Europe 600;EU0009658202;IT305J;;TXTS.MI;TXT E-SOLUTION;IT;EUR;Borsa Italiana;;1127;1134;;;
20260901;SXXP;STOXX Europe 600;EU0009658202;FR407H;;WLN.PA;WORLDLINE;FR;EUR;Euronext Paris;;1128;1135;;;
20260901;SXXP;STOXX Europe 600;EU0009658202;SE14V6;;RVRC.ST;RVRC HOLDING;SE;SEK;NASDAQ Stockholm;;1129;1094;;;
20260901;SXXP;STOXX Europe 600;EU0009658202;DK607A;;BIOMAR.CO;BIOMAR GROUP;DK;DKK;NASDAQ Copenhagen;;1130;;;;
20260901;SXXP;STOXX Europe 600;EU0009658202;401701;;ERMT.PA;ERAMET;FR;EUR;Euronext Paris;;1131;1125;;;
20260901;SXXP;STOXX Europe 600;EU0009658202;GB1ERX;;OXB.L;OXFORD BIOMEDICA;GB;GBP;London SE;;1132;1049;;;
20260901;SXXP;STOXX Europe 600;EU0009658202;GB1EY4;;ATG.L;AUCTION TECHNOLOGY GROUP;GB;GBP;London SE;;1133;1109;;;
20260901;SXXP;STOXX Europe 600;EU0009658202;GB70OM;;SBRE.L;SABRE INSURANCE GROUP PLC;GB;GBP;London SE;;1134;1101;;;
20260901;SXXP;STOXX Europe 600;EU0009658202;457310;;MAUP.PA;MAUREL ET PROM;FR;EUR;Euronext Paris;;1135;1111;;;
20260901;SXXP;STOXX Europe 600;EU0009658202;DE5062;;PBBG.DE;DEUTSCHE PFANDBRIEFBANK;DE;EUR;XETRA;;1136;1114;;;
20260901;SXXP;STOXX Europe 600;EU0009658202;FR14IT;;VLS.PA;VALNEVA;FR;EUR;Euronext Paris;;1137;1156;;;
20260901;SXXP;STOXX Europe 600;EU0009658202;DE34MK;;MUXG.DE;MUTARES;DE;EUR;XETRA;;1138;1108;;;
20260901;SXXP;STOXX Europe 600;EU0009658202;PL20GS;;CRI1.WA;CREOTECH INSTRUMENTS;PL;PLN;Warsaw SE;;1139;1192;;;
20260901;SXXP;STOXX Europe 600;EU0009658202;056841;;MSLH.L;MARSHALLS;GB;GBP;London SE;;1140;1127;;;
20260901;SXXP;STOXX Europe 600;EU0009658202;NO806P;;ELMRA.OL;ELMERA GROUP ASA;NO;NOK;Oslo Bors;;1141;1121;;;
20260901;SXXP;STOXX Europe 600;EU0009658202;SE40Y8;;LOGIb.ST;LOGISTEA B;SE;SEK;NASDAQ Stockholm;;1142;1141;;;
20260901;SXXP;STOXX Europe 600;EU0009658202;IT203G;;CEMB.MI;CEMBRE;IT;EUR;Borsa Italiana;;1143;1129;;;
20260901;SXXP;STOXX Europe 600;EU0009658202;IT303H;;REVOI.MI;REVO INSURANCE;IT;EUR;Borsa Italiana;;1144;1136;;;
20260901;SXXP;STOXX Europe 600;EU0009658202;ES11DL;;EDRE.MC;EDREAMS ODIGEO;ES;EUR;BME Exchange;;1145;1126;;;
20260901;SXXP;STOXX Europe 600;EU0009658202;DK6014;;STOGR.CO;SCANDINAVIAN TOBACCO GROUP;DK;DKK;NASDAQ Copenhagen;;1146;1133;;;
20260901;SXXP;STOXX Europe 600;EU0009658202;GB20KD;;PCTN.L;PICTON PROPERTY INC.;GB;GBP;London SE;;1147;1123;;;
20260901;SXXP;STOXX Europe 600;EU0009658202;GR1019;;ELHA.AT;ELVALHALCOR HELLENIC COPPER AND ALUMINIUM INDUSTRY;GR;EUR;ATHENS SE;;1148;;;;
20260901;SXXP;STOXX Europe 600;EU0009658202;CH90BD;;BELL.S;BELL 'R';CH;CHF;Six Swiss Exchange;;1149;;;;
20260901;SXXP;STOXX Europe 600;EU0009658202;GB1541;;GBGP.L;GB GROUP;GB;GBP;London SE;;1150;1061;;;
20260901;SXXP;STOXX Europe 600;EU0009658202;IT407M;;RWAY.MI;RAI WAY;IT;EUR;Borsa Italiana;;1151;1124;;;
20260901;SXXP;STOXX Europe 600;EU0009658202;PL90J2;;RBW.WA;RAINBOW TOURS SR.B C2 E;PL;PLN;Warsaw SE;;1152;1130;;;
20260901;SXXP;STOXX Europe 600;EU0009658202;DE13TO;;GFTG.DE;GFT TECHNOLOGIES;DE;EUR;XETRA;;1153;1148;;;
20260901;SXXP;STOXX Europe 600;EU0009658202;SE40GQ;;YUBICO.ST;YUBICO;SE;SEK;NASDAQ Stockholm;;1154;1155;;;
20260901;SXXP;STOXX Europe 600;EU0009658202;GB1EOU;;NCCG.L;NCC GROUP;GB;GBP;London SE;;1155;1138;;;
20260901;SXXP;STOXX Europe 600;EU0009658202;GB50OK;;IBST.L;IBSTOCK PLC;GB;GBP;London SE;;1156;1122;;;
20260901;SXXP;STOXX Europe 600;EU0009658202;B011Y0;;GCC.L;C&C GROUP;GB;GBP;London SE;;1157;1118;;;
20260901;SXXP;STOXX Europe 600;EU0009658202;PT401N;;MOTA.LS;MOTA ENGIL SGPS;PT;EUR;Euronext Lisbon;;1158;1147;;;
20260901;SXXP;STOXX Europe 600;EU0009658202;067952;;PINE.L;PINEWOOD TECHNOLOGIES;GB;GBP;London SE;;1159;1145;;;
20260901;SXXP;STOXX Europe 600;EU0009658202;SE303C;;HANZA.ST;HANZA;SE;SEK;NASDAQ Stockholm;;1160;1146;;;
20260901;SXXP;STOXX Europe 600;EU0009658202;SE3DCY;;RUSTA.ST;RUSTA;SE;SEK;NASDAQ Stockholm;;1161;1115;;;
20260901;SXXP;STOXX Europe 600;EU0009658202;NO306K;;ZAP.OL;ZAPTEC;NO;NOK;Oslo Bors;;1162;1154;;;
20260901;SXXP;STOXX Europe 600;EU0009658202;DE9044;;HYQGn.DE;HYPOPORT;DE;EUR;XETRA;;1163;1149;;;
20260901;SXXP;STOXX Europe 600;EU0009658202;FI10A8;;FIA1S.HE;FINNAIR;FI;EUR;NASDAQ Helsinki;;1164;1128;;;
20260901;SXXP;STOXX Europe 600;EU0009658202;DK3011;;MATAS.CO;MATAS;DK;DKK;NASDAQ Copenhagen;;1165;1137;;;
20260901;SXXP;STOXX Europe 600;EU0009658202;B0KM9T;;STEMS.L;STHREE;GB;GBP;London SE;;1166;1158;;;
20260901;SXXP;STOXX Europe 600;EU0009658202;B1WTMX;;B7C.MI;D'AMICO INTERNATIONAL SHIPPING;IT;EUR;Borsa Italiana;;1167;1140;;;
20260901;SXXP;STOXX Europe 600;EU0009658202;PL10DO;;JSW.WA;JSW;PL;PLN;Warsaw SE;;1168;1186;;;
20260901;SXXP;STOXX Europe 600;EU0009658202;SE304D;;CYNCA.ST;CYNCA NORDIC;SE;SEK;NASDAQ Stockholm;;1169;;;;
20260901;SXXP;STOXX Europe 600;EU0009658202;017347;;CPI.L;CAPITA GRP;GB;GBP;London SE;;1170;1153;;;
20260901;SXXP;STOXX Europe 600;EU0009658202;DE105X;;NOEJ.DE;NORMA GROUP;DE;EUR;XETRA;;1171;1103;;;
20260901;SXXP;STOXX Europe 600;EU0009658202;675260;;PZC.L;PZ CUSSONS;GB;GBP;London SE;;1172;1139;;;
20260901;SXXP;STOXX Europe 600;EU0009658202;536722;;HDDG.DE;HEIDELB.DRUCKMASCHINEN;DE;EUR;XETRA;;1173;1164;;;
20260901;SXXP;STOXX Europe 600;EU0009658202;DE404Z;;STM1.DE;STABILUS;DE;EUR;XETRA;;1174;1177;;;
20260901;SXXP;STOXX Europe 600;EU0009658202;537974;;OHLA.MC;OBRASCON HUARTE LAIN;ES;EUR;BME Exchange;;1175;1152;;;
20260901;SXXP;STOXX Europe 600;EU0009658202;DE70DB;;HFGG.DE;HELLOFRESH AG;DE;EUR;XETRA;;1176;1116;;;
20260901;SXXP;STOXX Europe 600;EU0009658202;GB20G9;;WKP.L;WORKSPACE GROUP;GB;GBP;London SE;;1177;1079;;;
20260901;SXXP;STOXX Europe 600;EU0009658202;DE13ZU;;F3CG.DE;SFC ENERGY;DE;EUR;XETRA;;1178;1163;;;
20260901;SXXP;STOXX Europe 600;EU0009658202;AT2027;;LENV.VI;LENZING;AT;EUR;Wiener Boerse AG;;1179;1150;;;
20260901;SXXP;STOXX Europe 600;EU0009658202;FI6025;;TOKMAN.HE;TOKMANNI;FI;EUR;NASDAQ Helsinki;;1180;1161;;;
20260901;SXXP;STOXX Europe 600;EU0009658202;NL301C;;OCI.AS;OCI;NL;EUR;Euronext Amsterdam;;1181;1157;;;
20260901;SXXP;STOXX Europe 600;EU0009658202;586019;;EYDr.AT;ATHENS WATER SUPPLY & SEWERAGE;GR;EUR;ATHENS SE;;1182;;;;
20260901;SXXP;STOXX Europe 600;EU0009658202;DK5024;;GUBRA.CO;GUBRA;DK;DKK;NASDAQ Copenhagen;;1183;1160;;;
20260901;SXXP;STOXX Europe 600;EU0009658202;B15CPD;;PIA.MI;PIAGGIO;IT;EUR;Borsa Italiana;;1184;1166;;;
20260901;SXXP;STOXX Europe 600;EU0009658202;CH50A8;;CICN.S;CICOR TECHNOLOGIES;CH;CHF;Six Swiss Exchange;;1185;1159;;;
20260901;SXXP;STOXX Europe 600;EU0009658202;DE13NI;;BSLG.DE;BASLER;DE;EUR;XETRA;;1186;1151;;;
20260901;SXXP;STOXX Europe 600;EU0009658202;NO608P;;HEX.OL;HEXAGON COMPOSITES;NO;NOK;Oslo Bors;;1187;1215;;;
20260901;SXXP;STOXX Europe 600;EU0009658202;GB6096;;FORT.L;FORTERRA;GB;GBP;London SE;;1188;1165;;;
20260901;SXXP;STOXX Europe 600;EU0009658202;SE90T8;;SBBb.ST;SAMHALLSBYGGNADSBOL AGET NORD;SE;SEK;NASDAQ Stockholm;;1189;1142;;;
20260901;SXXP;STOXX Europe 600;EU0009658202;B0N64J;;SFLG.MI;SAFILO GROUP;IT;EUR;Borsa Italiana;;1190;1185;;;
20260901;SXXP;STOXX Europe 600;EU0009658202;578808;;SBOE.VI;SBO;AT;EUR;Wiener Boerse AG;;1191;1179;;;
20260901;SXXP;STOXX Europe 600;EU0009658202;NO90K4;;PENR.OL;PANORO ENERGY;NO;NOK;Oslo Bors;;1192;1188;;;
20260901;SXXP;STOXX Europe 600;EU0009658202;548155;;PTNL.AS;POSTNL;NL;EUR;Euronext Amsterdam;;1193;1171;;;
20260901;SXXP;STOXX Europe 600;EU0009658202;NO60K1;;CRNA.OL;CIRCIO HOLDINGS;NO;NOK;Oslo Bors;;1194;1221;;;
20260901;SXXP;STOXX Europe 600;EU0009658202;IT205I;;ARIS.MI;ARISTON HOLDING;IT;EUR;Borsa Italiana;;1195;1182;;;
20260901;SXXP;STOXX Europe 600;EU0009658202;IT208L;;DNR.MI;INDUSTRIE DE NORA;IT;EUR;Borsa Italiana;;1196;1183;;;
20260901;SXXP;STOXX Europe 600;EU0009658202;DE13VQ;;LPKG.DE;LPKF LASER & ELTN.;DE;EUR;XETRA;;1197;1162;;;
20260901;SXXP;STOXX Europe 600;EU0009658202;IT908S;;FILA.MI;FILA;IT;EUR;Borsa Italiana;;1198;1189;;;
20260901;SXXP;STOXX Europe 600;EU0009658202;GB90HH;;FUTR.L;FUTURE;GB;GBP;London SE;;1199;1168;;;
20260901;SXXP;STOXX Europe 600;EU0009658202;DE6030;;GLJn.DE;GRENKE N;DE;EUR;XETRA;;1200;1172;;;
20260901;SXXP;STOXX Europe 600;EU0009658202;SE205D;;OVZON.ST;OVZON;SE;SEK;NASDAQ Stockholm;;1201;1178;;;
20260901;SXXP;STOXX Europe 600;EU0009658202;SE147I;;NOTE.ST;NOTE;SE;SEK;NASDAQ Stockholm;;1202;1195;;;
20260901;SXXP;STOXX Europe 600;EU0009658202;NO11ER;;ENH.OL;SED ENERGY HOLDINGS;NO;NOK;Oslo Bors;;1203;1224;;;
20260901;SXXP;STOXX Europe 600;EU0009658202;SE70DQ;;HNSA.ST;HANSA BIOPHARMA;SE;SEK;NASDAQ Stockholm;;1204;1203;;;
20260901;SXXP;STOXX Europe 600;EU0009658202;BE701X;;XFAB.PA;X-FAB SILICON FOUNDRIES;FR;EUR;Euronext Paris;;1205;1169;;;
20260901;SXXP;STOXX Europe 600;EU0009658202;PT701Q;;CORA.LS;CORTICEIRA AMORIM;PT;EUR;Euronext Lisbon;;1206;1193;;;
20260901;SXXP;STOXX Europe 600;EU0009658202;SE51GS;;ENITY.ST;ENITY HOLDING;SE;SEK;NASDAQ Stockholm;;1207;1184;;;
20260901;SXXP;STOXX Europe 600;EU0009658202;GB50MI;;OTB.L;ON THE BEACH GROUP;GB;GBP;London SE;;1208;1187;;;
20260901;SXXP;STOXX Europe 600;EU0009658202;SE508J;;COOR.ST;COOR SERVICE MANAGEMENT;SE;SEK;NASDAQ Stockholm;;1209;1181;;;
20260901;SXXP;STOXX Europe 600;EU0009658202;NO144K;;NAPA.OL;NAPATECH;NO;NOK;Oslo Bors;;1210;1198;;;
20260901;SXXP;STOXX Europe 600;EU0009658202;GB00F6;;THG.L;THG;GB;GBP;London SE;;1211;1200;;;
20260901;SXXP;STOXX Europe 600;EU0009658202;IT40JY;;NWLF.MI;NEWPRINCES;IT;EUR;Borsa Italiana;;1212;1190;;;
20260901;SXXP;STOXX Europe 600;EU0009658202;GB1844;;PAYP.L;PAYPOINT;GB;GBP;London SE;;1213;1191;;;
20260901;SXXP;STOXX Europe 600;EU0009658202;IT14BR;;WIIT.MI;WIIT;IT;EUR;Borsa Italiana;;1214;1207;;;
20260901;SXXP;STOXX Europe 600;EU0009658202;NO90I2;;NSKOG.OL;NORSKE SKOG;NO;NOK;Oslo Bors;;1215;1208;;;
20260901;SXXP;STOXX Europe 600;EU0009658202;403398;;AVAr.AT;AVAX;GR;EUR;ATHENS SE;;1216;;;;
20260901;SXXP;STOXX Europe 600;EU0009658202;B08TZQ;;TOM2.AS;TOM TOM;NL;EUR;Euronext Amsterdam;;1217;1202;;;
20260901;SXXP;STOXX Europe 600;EU0009658202;PL90K3;;ATTP.WA;GRUPA AZOTY;PL;PLN;Warsaw SE;;1218;1213;;;
20260901;SXXP;STOXX Europe 600;EU0009658202;SE008E;;LIMET.ST;LIME TECHNOLOGIES;SE;SEK;NASDAQ Stockholm;;1219;1212;;;
20260901;SXXP;STOXX Europe 600;EU0009658202;NL102B;;ALFEN.AS;ALFEN;NL;EUR;Euronext Amsterdam;;1220;1197;;;
20260901;SXXP;STOXX Europe 600;EU0009658202;PT104N;;ALSS.LS;ALTRI SGPS;PT;EUR;Euronext Lisbon;;1221;1204;;;
20260901;SXXP;STOXX Europe 600;EU0009658202;SE90O3;;VPLAYb.ST;VIAPLAY GROUP B;SE;SEK;NASDAQ Stockholm;;1222;1205;;;
20260901;SXXP;STOXX Europe 600;EU0009658202;PL60BR;;ROBP.WA;ROBYG;PL;PLN;Warsaw SE;;1223;;;;
20260901;SXXP;STOXX Europe 600;EU0009658202;FI31HI;;KEMPOWR.HE;KEMPOWER;FI;EUR;NASDAQ Helsinki;;1224;1210;;;
20260901;SXXP;STOXX Europe 600;EU0009658202;IT10GS;;PRT.MI;ESPRINET;IT;EUR;Borsa Italiana;;1225;1214;;;
20260901;SXXP;STOXX Europe 600;EU0009658202;PL00CM;;LBW.WA;LUBAWA;PL;PLN;Warsaw SE;;1226;1218;;;
20260901;SXXP;STOXX Europe 600;EU0009658202;726480;;JUVE.MI;JUVENTUS;IT;EUR;Borsa Italiana;;1227;1217;;;
20260901;SXXP;STOXX Europe 600;EU0009658202;DE8010;;DMPG.DE;DERMAPHARM HOLDING;DE;EUR;XETRA;;1228;;;;
20260901;SXXP;STOXX Europe 600;EU0009658202;SE604G;;HUMAN.ST;HUMANA;SE;SEK;NASDAQ Stockholm;;1229;;;;
20260901;SXXP;STOXX Europe 600;EU0009658202;B0B87F;;MARR.MI;MARR;IT;EUR;Borsa Italiana;;1230;1219;;;
20260901;SXXP;STOXX Europe 600;EU0009658202;IT705N;;DOVA.MI;DoValue;IT;EUR;Borsa Italiana;;1231;1201;;;
20260901;SXXP;STOXX Europe 600;EU0009658202;531929;;PXMP.WA;POLIMEX MOSTOSTAL;PL;PLN;Warsaw SE;;1232;1226;;;
20260901;SXXP;STOXX Europe 600;EU0009658202;SE419K;;SVEAF.ST;SVEAFASTIGHETER;SE;SEK;NASDAQ Stockholm;;1233;;;;
20260901;SXXP;STOXX Europe 600;EU0009658202;B00RQ8;;MGN.OL;MAGNORA;NO;NOK;Oslo Bors;;1234;1223;;;
20260901;SXXP;STOXX Europe 600;EU0009658202;NO702K;;TRMED.OL;THOR MEDICAL;NO;NOK;Oslo Bors;;1235;;;;
20260901;SXXP;STOXX Europe 600;EU0009658202;PT501O;;TDSA.LS;TEIXEIRA DUARTE;PT;EUR;Euronext Lisbon;;1236;1227;;;
20260901;SXXP;STOXX Europe 600;EU0009658202;SE90Q5;;COREb.ST;COREM PROPERTY GROUP B;SE;SEK;NASDAQ Stockholm;;1237;1222;;;
20260901;SXXP;STOXX Europe 600;EU0009658202;PL605L;;CRQP.WA;CREOTECH QUANTUM;PL;PLN;Warsaw SE;;1238;1225;;;
20260901;SXXP;STOXX Europe 600;EU0009658202;NO104G;;VEI.OL;VEIDEKKE;NO;NOK;Oslo Bors;;;;failed liquidity criteria;;
20260901;SXXP;STOXX Europe 600;EU0009658202;B018DT;;CARP.WA;INTER CARS;PL;PLN;Warsaw SE;;;;failed liquidity criteria;;
20260901;SXXP;STOXX Europe 600;EU0009658202;BE503X;;SOAC.BR;SOLVAC;BE;EUR;Euronext Brussels;;;;failed liquidity criteria;;
20260901;SXXP;STOXX Europe 600;EU0009658202;CH9024;;ZUGER.S;ZUGER KANTONALBANK;CH;CHF;Six Swiss Exchange;;;;failed liquidity criteria;;
20260901;SXXP;STOXX Europe 600;EU0009658202;NO10HT;;NONG.OL;SPAREBANK 1 NORD-NORGE;NO;NOK;Oslo Bors;;;;failed liquidity criteria;;
20260901;SXXP;STOXX Europe 600;EU0009658202;DE50GC;;HLE.DE;HELLA;DE;EUR;XETRA;;;;failed liquidity criteria;;
20260901;SXXP;STOXX Europe 600;EU0009658202;EG001;;EBKG.DE;ENBW ENGE.BADEN-WURTG.;DE;EUR;XETRA;;;;failed liquidity criteria;;
20260901;SXXP;STOXX Europe 600;EU0009658202;NO201E;;BRGB.OL;Borregaard;NO;NOK;Oslo Bors;;;784;failed liquidity criteria;;
20260901;SXXP;STOXX Europe 600;EU0009658202;BE10A0;;BRED.BR;BREDERODE;BE;EUR;Euronext Brussels;;;;failed liquidity criteria;;
20260901;SXXP;STOXX Europe 600;EU0009658202;SE10KR;;BEIAb.ST;BEIJER ALMA B;SE;SEK;NASDAQ Stockholm;;;;failed liquidity criteria;;
20260901;SXXP;STOXX Europe 600;EU0009658202;550975;;FAE.MC;FAES FARMA;ES;EUR;BME Exchange;;;;failed liquidity criteria;;
20260901;SXXP;STOXX Europe 600;EU0009658202;B1Z774;;DVLP.WA;DEVELIA;PL;PLN;Warsaw SE;;;;failed liquidity criteria;;
20260901;SXXP;STOXX Europe 600;EU0009658202;NO40BQ;;NORCO.OL;NORCONSULT;NO;NOK;Oslo Bors;;;845;failed liquidity criteria;;
20260901;SXXP;STOXX Europe 600;EU0009658202;NO305J;;AFGA.OL;AF GRUPPEN 'A';NO;NOK;Oslo Bors;;;;failed liquidity criteria;;
20260901;SXXP;STOXX Europe 600;EU0009658202;524908;;GIMV.BR;GIMV;BE;EUR;Euronext Brussels;;;;failed liquidity criteria;;
20260901;SXXP;STOXX Europe 600;EU0009658202;CH12OK;;ISN.S;INTERSHOP N;CH;CHF;Six Swiss Exchange;;;;failed liquidity criteria;;
20260901;SXXP;STOXX Europe 600;EU0009658202;NO704M;;SPOLS.OL;SPAREBANK 1 OESTLANDET;NO;NOK;Oslo Bors;;;;failed liquidity criteria;;
20260901;SXXP;STOXX Europe 600;EU0009658202;SE50LW;;NOLAb.ST;NOLATO 'B';SE;SEK;NASDAQ Stockholm;;;942;failed liquidity criteria;;
20260901;SXXP;STOXX Europe 600;EU0009658202;NO10FR;;WWI.OL;WILH WILHELMSEN HLDG A;NO;NOK;Oslo Bors;;;;failed liquidity criteria;;
20260901;SXXP;STOXX Europe 600;EU0009658202;546832;;EBRO.MC;EBRO FOODS;ES;EUR;BME Exchange;;;;failed liquidity criteria;;
20260901;SXXP;STOXX Europe 600;EU0009658202;596464;;SANOMA.HE;SANOMA;FI;EUR;NASDAQ Helsinki;;;;failed liquidity criteria;;
20260901;SXXP;STOXX Europe 600;EU0009658202;DE8043;;INHG.DE;INDUS HOLDING;DE;EUR;XETRA;;;994;failed liquidity criteria;;
20260901;SXXP;STOXX Europe 600;EU0009658202;422124;;FCC.MC;FOMENTO CONSTR.Y CNTR.;ES;EUR;BME Exchange;;;;failed liquidity criteria;;
20260901;SXXP;STOXX Europe 600;EU0009658202;CH2061;;WKB.S;WALLISER KANTONALBANK;CH;CHF;Six Swiss Exchange;;;;failed liquidity criteria;;
20260901;SXXP;STOXX Europe 600;EU0009658202;GR401C;;AIAr.AT;ATHENS INTERNATIONAL AIRPORT;GR;EUR;ATHENS SE;;;;failed liquidity criteria;;
20260901;SXXP;STOXX Europe 600;EU0009658202;DE9088;;KWSG.DE;KWS SAAT;DE;EUR;XETRA;;;;failed liquidity criteria;;
20260901;SXXP;STOXX Europe 600;EU0009658202;FI5046;;GRK.HE;GRK INFRA;FI;EUR;NASDAQ Helsinki;;;;failed liquidity criteria;;
20260901;SXXP;STOXX Europe 600;EU0009658202;FR701E;;TKOO.PA;TIKEHAU CAPITAL SCA;FR;EUR;Euronext Paris;;;;failed liquidity criteria;;
20260901;SXXP;STOXX Europe 600;EU0009658202;SE14EP;;NP3.ST;NP3 FASTIGHETER;SE;SEK;NASDAQ Stockholm;;;;failed liquidity criteria;;
20260901;SXXP;STOXX Europe 600;EU0009658202;FR209H;;BAIN.PA;BAINS MER MONACO;FR;EUR;Euronext Paris;;;;failed liquidity criteria;;
20260901;SXXP;STOXX Europe 600;EU0009658202;BE801Y;;RETE.BR;RETAIL ESTATES;BE;EUR;Euronext Brussels;;;;failed liquidity criteria;;
20260901;SXXP;STOXX Europe 600;EU0009658202;CH5086;;VAHN.S;VAUDOISE 'B';CH;CHF;Six Swiss Exchange;;;970;failed liquidity criteria;;
20260901;SXXP;STOXX Europe 600;EU0009658202;FR904J;;ROBF.PA;ROBERTET;FR;EUR;Euronext Paris;;;;failed liquidity criteria;;
20260901;SXXP;STOXX Europe 600;EU0009658202;B16MKT;;AUSS.OL;AUSTEVOLL SEAFOOD;NO;NOK;Oslo Bors;;;998;failed liquidity criteria;;
20260901;SXXP;STOXX Europe 600;EU0009658202;DK11ZY;;UIE.CO;UIE;DK;DKK;NASDAQ Copenhagen;;;;failed liquidity criteria;;
20260901;SXXP;STOXX Europe 600;EU0009658202;521107;;RATOb.ST;RATOS B;SE;SEK;NASDAQ Stockholm;;;1007;failed liquidity criteria;;
20260901;SXXP;STOXX Europe 600;EU0009658202;IT140G;;ELEN.MI;EL EN;IT;EUR;Borsa Italiana;;;988;failed liquidity criteria;;
20260901;SXXP;STOXX Europe 600;EU0009658202;FI5024;;AKTIA.HE;AKTIA 'A';FI;EUR;NASDAQ Helsinki;;;;failed liquidity criteria;;
20260901;SXXP;STOXX Europe 600;EU0009658202;463508;;TELA.VI;TELEKOM AUSTRIA;AT;EUR;Wiener Boerse AG;;;;failed liquidity criteria;;
20260901;SXXP;STOXX Europe 600;EU0009658202;DK2010;;SJF.CO;SJF BANK;DK;DKK;NASDAQ Copenhagen;;;;failed liquidity criteria;;
20260901;SXXP;STOXX Europe 600;EU0009658202;500146;;SNI.OL;STOLT-NIELSEN;NO;NOK;Oslo Bors;;;;failed liquidity criteria;;
20260901;SXXP;STOXX Europe 600;EU0009658202;FR11Y6;;LOUP.PA;LDC;FR;EUR;Euronext Paris;;;;failed liquidity criteria;;
20260901;SXXP;STOXX Europe 600;EU0009658202;FR902H;;IMAF.PA;ALTAREA;FR;EUR;Euronext Paris;;;;failed liquidity criteria;;
20260901;SXXP;STOXX Europe 600;EU0009658202;CH401Y;;TKBP.S;THURGAUER KANTONALBANK;CH;CHF;Six Swiss Exchange;;;;failed liquidity criteria;;
20260901;SXXP;STOXX Europe 600;EU0009658202;SE20HP;;SLPb.ST;SWEDISH LOGISTIC PROPERTY B;SE;SEK;NASDAQ Stockholm;;;1052;failed liquidity criteria;;
20260901;SXXP;STOXX Europe 600;EU0009658202;CH112X;;BCGE.S;BANQUE CANTON.DE GENEVE;CH;CHF;Six Swiss Exchange;;;;failed liquidity criteria;;
20260901;SXXP;STOXX Europe 600;EU0009658202;DE40HC;;SPGG.DE;SPRINGER NATURE;DE;EUR;XETRA;;;;failed liquidity criteria;;
20260901;SXXP;STOXX Europe 600;EU0009658202;CH12NJ;;ZUGN.S;ZUG ESTATES HOLDINGS;CH;CHF;Six Swiss Exchange;;;;failed liquidity criteria;;
20260901;SXXP;STOXX Europe 600;EU0009658202;FR907M;;LECS.PA;LECTRA;FR;EUR;Euronext Paris;;;;failed liquidity criteria;;
20260901;SXXP;STOXX Europe 600;EU0009658202;CH5053;;PLANZ.S;PLAZZA;CH;CHF;Six Swiss Exchange;;;;failed liquidity criteria;;
20260901;SXXP;STOXX Europe 600;EU0009658202;ES105C;;LDA.MC;LINEA DIRECTA ASEGURADORA;ES;EUR;BME Exchange;;;;failed liquidity criteria;;
20260901;SXXP;STOXX Europe 600;EU0009658202;NO007I;;PEXIP.OL;PEXIP HOLDING ASA;NO;NOK;Oslo Bors;;;1006;failed liquidity criteria;;
20260901;SXXP;STOXX Europe 600;EU0009658202;DE13UP;;HBH.DE;HORNBACH HDG.PF.SHS.;DE;EUR;XETRA;;;1021;failed liquidity criteria;;
20260901;SXXP;STOXX Europe 600;EU0009658202;CH12IE;;BLKB.S;BASELLANDSCHAFTLICH E KB;CH;CHF;Six Swiss Exchange;;;;failed liquidity criteria;;
20260901;SXXP;STOXX Europe 600;EU0009658202;SE15P1;;SYNSAM.ST;SYNSAM;SE;SEK;NASDAQ Stockholm;;;1065;failed liquidity criteria;;
20260901;SXXP;STOXX Europe 600;EU0009658202;SE10EL;;SKISb.ST;SKISTAR B;SE;SEK;NASDAQ Stockholm;;;;failed liquidity criteria;;
20260901;SXXP;STOXX Europe 600;EU0009658202;471991;;RHIM.L;RHI Magnesita;GB;GBP;London SE;;;;failed liquidity criteria;;
20260901;SXXP;STOXX Europe 600;EU0009658202;557657;;FSKRS.HE;FISKARS;FI;EUR;NASDAQ Helsinki;;;;failed liquidity criteria;;
20260901;SXXP;STOXX Europe 600;EU0009658202;NO40AP;;ENTRA.OL;ENTRA;NO;NOK;Oslo Bors;;;;failed liquidity criteria;;
20260901;SXXP;STOXX Europe 600;EU0009658202;CH4041;;HIAG.S;HIAG IMMOBILIEN;CH;CHF;Six Swiss Exchange;;;;failed liquidity criteria;;
20260901;SXXP;STOXX Europe 600;EU0009658202;CH12KG;;FREN.S;FUNDAMENTA REAL EST.;CH;CHF;Six Swiss Exchange;;;;failed liquidity criteria;;
20260901;SXXP;STOXX Europe 600;EU0009658202;SE14HS;;MEDCAP.ST;MEDCAP;SE;SEK;NASDAQ Stockholm;;;;failed liquidity criteria;;
20260901;SXXP;STOXX Europe 600;EU0009658202;CH5075;;CHAM.S;CHAM SWISS PROPERTIES AG;CH;CHF;Six Swiss Exchange;;;;failed liquidity criteria;;
20260901;SXXP;STOXX Europe 600;EU0009658202;SE806K;;DIOS.ST;DIOS FASTIGHETER;SE;SEK;NASDAQ Stockholm;;;;failed liquidity criteria;;
20260901;SXXP;STOXX Europe 600;EU0009658202;DE102U;;PV.DE;PFEIFFER VACUUM TECH.;DE;EUR;XETRA;;;;failed liquidity criteria;;
20260901;SXXP;STOXX Europe 600;EU0009658202;PL002C;;ABEP.WA;AB;PL;PLN;Warsaw SE;;;;failed liquidity criteria;;
20260901;SXXP;STOXX Europe 600;EU0009658202;498539;;YIT.HE;YIT;FI;EUR;NASDAQ Helsinki;;;;failed liquidity criteria;;
20260901;SXXP;STOXX Europe 600;EU0009658202;FR401B;;ODET.PA;COMPAGNIE DE L'ODET;FR;EUR;Euronext Paris;;;;failed liquidity criteria;;
20260901;SXXP;STOXX Europe 600;EU0009658202;DK1233;;SPGP.CO;SP GROUP;DK;DKK;NASDAQ Copenhagen;;;;failed liquidity criteria;;
20260901;SXXP;STOXX Europe 600;EU0009658202;SE10LS;;BERGb.ST;BERGMAN & BEVING;SE;SEK;NASDAQ Stockholm;;;;failed liquidity criteria;;
20260901;SXXP;STOXX Europe 600;EU0009658202;SE808M;;ACADE.ST;ACADEMEDIA;SE;SEK;NASDAQ Stockholm;;;1055;failed liquidity criteria;;
20260901;SXXP;STOXX Europe 600;EU0009658202;FR90FU;;VRLA.PA;VERALLIA;FR;EUR;Euronext Paris;;;;failed liquidity criteria;;
20260901;SXXP;STOXX Europe 600;EU0009658202;IE4022;;IRES.I;IRISH RESD.PPTYS REIT;IE;EUR;Euronext Dublin;;;1076;failed liquidity criteria;;
20260901;SXXP;STOXX Europe 600;EU0009658202;FR14R2;;THHG.PA;THERMADOR GROUPE;FR;EUR;Euronext Paris;;;;failed liquidity criteria;;
20260901;SXXP;STOXX Europe 600;EU0009658202;458127;;METSB.HE;METSA BOARD B;FI;EUR;NASDAQ Helsinki;;;;failed liquidity criteria;;
20260901;SXXP;STOXX Europe 600;EU0009658202;B1G6TS;;DOMP.WA;DOM DEVELOPMENT;PL;PLN;Warsaw SE;;;;failed liquidity criteria;;
20260901;SXXP;STOXX Europe 600;EU0009658202;BM4012;;PLSV.OL;PARATUS ENERGY SER;NO;NOK;Oslo Bors;;;;failed liquidity criteria;;
20260901;SXXP;STOXX Europe 600;EU0009658202;FR14LW;;CRBP2.PA;CREDIT AGRICOLE BRIE PICARDIE;FR;EUR;Euronext Paris;;;;failed liquidity criteria;;
20260901;SXXP;STOXX Europe 600;EU0009658202;DE401W;;1U1.DE;1&1;DE;EUR;XETRA;;;;failed liquidity criteria;;
20260901;SXXP;STOXX Europe 600;EU0009658202;PL008I;;CBF.WA;Cyber Folks;PL;PLN;Warsaw SE;;;1086;failed liquidity criteria;;
20260901;SXXP;STOXX Europe 600;EU0009658202;FR14DO;;AUBT.PA;AUBAY;FR;EUR;Euronext Paris;;;;failed liquidity criteria;;
20260901;SXXP;STOXX Europe 600;EU0009658202;BE8052;;RECT.BR;RECTICEL;BE;EUR;Euronext Brussels;;;;failed liquidity criteria;;
20260901;SXXP;STOXX Europe 600;EU0009658202;567991;;CPIE.VI;CPI EUROPE;AT;EUR;Wiener Boerse AG;;;;failed liquidity criteria;;
20260901;SXXP;STOXX Europe 600;EU0009658202;NO60BS;;B2I.OL;B2 Impact;NO;NOK;Oslo Bors;;;1106;failed liquidity criteria;;
20260901;SXXP;STOXX Europe 600;EU0009658202;DE90CC;;WSU.DE;WASHTEC;DE;EUR;XETRA;;;;failed liquidity criteria;;
20260901;SXXP;STOXX Europe 600;EU0009658202;BE102S;;SIFB.BR;SIPEF;BE;EUR;Euronext Brussels;;;;failed liquidity criteria;;
20260901;SXXP;STOXX Europe 600;EU0009658202;SE40DN;;AVARDA.ST;AVARDA BANK;SE;SEK;NASDAQ Stockholm;;;;failed liquidity criteria;;
20260901;SXXP;STOXX Europe 600;EU0009658202;FI10B9;;OLVAS.HE;OLVI 'A';FI;EUR;NASDAQ Helsinki;;;;failed liquidity criteria;;
20260901;SXXP;STOXX Europe 600;EU0009658202;GB10NF;;WIX.L;WICKES GROUP;GB;GBP;London SE;;;1090;failed liquidity criteria;;
20260901;SXXP;STOXX Europe 600;EU0009658202;SE90FU;;TROAX.ST;TROAX GROUP;SE;SEK;NASDAQ Stockholm;;;;failed liquidity criteria;;
20260901;SXXP;STOXX Europe 600;EU0009658202;DE10G8;;CWCG.DE;CEWE STIFTUNG;DE;EUR;XETRA;;;;failed liquidity criteria;;
20260901;SXXP;STOXX Europe 600;EU0009658202;FR301A;;FNAC.PA;FNAC DARTY;FR;EUR;Euronext Paris;;;;failed liquidity criteria;;
20260901;SXXP;STOXX Europe 600;EU0009658202;NO14M2;;ELO.OL;ELOPAK;NO;NOK;Oslo Bors;;;;failed liquidity criteria;;
20260901;SXXP;STOXX Europe 600;EU0009658202;SE60IU;;SVOLb.ST;SVOLDER B;SE;SEK;NASDAQ Stockholm;;;;failed liquidity criteria;;
20260901;SXXP;STOXX Europe 600;EU0009658202;SE902H;;VBGb.ST;VBG GROUP B;SE;SEK;NASDAQ Stockholm;;;;failed liquidity criteria;;
20260901;SXXP;STOXX Europe 600;EU0009658202;B1ZBHG;;AGNr.AT;AEGEAN AIRLINES;GR;EUR;ATHENS SE;;;;failed liquidity criteria;;
20260901;SXXP;STOXX Europe 600;EU0009658202;EG9;;MLPG.DE;MLP;DE;EUR;XETRA;;;;failed liquidity criteria;;
20260901;SXXP;STOXX Europe 600;EU0009658202;BE9031;;CPINV.BR;CARE PROPERTY INV;BE;EUR;Euronext Brussels;;;;failed liquidity criteria;;
20260901;SXXP;STOXX Europe 600;EU0009658202;SE70ER;;ARJOb.ST;ARJO B;SE;SEK;NASDAQ Stockholm;;;;failed liquidity criteria;;
20260901;SXXP;STOXX Europe 600;EU0009658202;PL006G;;ASEP.WA;ASSECOSEE;PL;PLN;Warsaw SE;;;;failed liquidity criteria;;
20260901;SXXP;STOXX Europe 600;EU0009658202;PL404I;;NWGP.WA;NEWAG;PL;PLN;Warsaw SE;;;;failed liquidity criteria;;
20260901;SXXP;STOXX Europe 600;EU0009658202;NO906Q;;BOUV.OL;BOUVET;NO;NOK;Oslo Bors;;;;failed liquidity criteria;;
20260901;SXXP;STOXX Europe 600;EU0009658202;NO10P1;;MORGS.OL;SPAREBANKEN MORE;NO;NOK;Oslo Bors;;;;failed liquidity criteria;;
20260901;SXXP;STOXX Europe 600;EU0009658202;NO50EU;;SNTIA.OL;SENTIA;NO;NOK;Oslo Bors;;;;failed liquidity criteria;;
20260901;SXXP;STOXX Europe 600;EU0009658202;NO00DO;;KID.OL;KID;NO;NOK;Oslo Bors;;;;failed liquidity criteria;;
20260901;SXXP;STOXX Europe 600;EU0009658202;FR14BM;;CDAF.PA;COMPAGNIE DES ALPES;FR;EUR;Euronext Paris;;;;failed liquidity criteria;;
20260901;SXXP;STOXX Europe 600;EU0009658202;FR14HS;;CNDF.PA;CRCAM NORD CCI;FR;EUR;Euronext Paris;;;;failed liquidity criteria;;
20260901;SXXP;STOXX Europe 600;EU0009658202;DK5057;;LASP.CO;LAN & SPAR BANK;DK;DKK;NASDAQ Copenhagen;;;;failed liquidity criteria;;
20260901;SXXP;STOXX Europe 600;EU0009658202;NO10KW;;BONHR.OL;BONHEUR;NO;NOK;Oslo Bors;;;;failed liquidity criteria;;
20260901;SXXP;STOXX Europe 600;EU0009658202;SE209H;;MMGRb.ST;MOMENTUM GROUP;SE;SEK;NASDAQ Stockholm;;;;failed liquidity criteria;;
20260901;SXXP;STOXX Europe 600;EU0009658202;SE10QX;;ORES.ST;ORESUND INVESTMENT;SE;SEK;NASDAQ Stockholm;;;;failed liquidity criteria;;
20260901;SXXP;STOXX Europe 600;EU0009658202;CH10QK;;TXGN.S;TX GROUP AG;CH;CHF;Six Swiss Exchange;;;;failed liquidity criteria;;
20260901;SXXP;STOXX Europe 600;EU0009658202;449222;;ITMI.MI;ITALMOBILIARE;IT;EUR;Borsa Italiana;;;;failed liquidity criteria;;
20260901;SXXP;STOXX Europe 600;EU0009658202;488400;;TESB.BR;TESSENDERLO GROUP;BE;EUR;Euronext Brussels;;;;failed liquidity criteria;;
20260901;SXXP;STOXX Europe 600;EU0009658202;ES703G;;GEST.MC;GESTAMP AUTOMOCION S.A.;ES;EUR;BME Exchange;;;;failed liquidity criteria;;
20260901;SXXP;STOXX Europe 600;EU0009658202;FR14EP;;STF.PA;STEF;FR;EUR;Euronext Paris;;;;failed liquidity criteria;;
20260901;SXXP;STOXX Europe 600;EU0009658202;EY011;;REHN.S;ROMANDE ENERGIE HOLDING;CH;CHF;Six Swiss Exchange;;;;failed liquidity criteria;;
20260901;SXXP;STOXX Europe 600;EU0009658202;SE90BQ;;PLAZb.ST;PLATZER FASTIGHETER HOLDING B;SE;SEK;NASDAQ Stockholm;;;;failed liquidity criteria;;
20260901;SXXP;STOXX Europe 600;EU0009658202;NO307L;;ENDUR.OL;ENDUR;NO;NOK;Oslo Bors;;;;failed liquidity criteria;;
20260901;SXXP;STOXX Europe 600;EU0009658202;GR60BO;;KRIr.AT;KRI KRI CR;GR;EUR;ATHENS SE;;;;failed liquidity criteria;;
20260901;SXXP;STOXX Europe 600;EU0009658202;NO40IX;;PUBLI.OL;PPI PUBLIC PROPERTY INVEST;NO;NOK;Oslo Bors;;;;failed liquidity criteria;;
20260901;SXXP;STOXX Europe 600;EU0009658202;097720;;MARS.L;MARSTON'S;GB;GBP;London SE;;;1144;failed liquidity criteria;;
20260901;SXXP;STOXX Europe 600;EU0009658202;BE502W;;TINCC.BR;TINC COMM VA;BE;EUR;Euronext Brussels;;;;failed liquidity criteria;;
20260901;SXXP;STOXX Europe 600;EU0009658202;408904;;BAR.BR;BARCO;BE;EUR;Euronext Brussels;;;;failed liquidity criteria;;
20260901;SXXP;STOXX Europe 600;EU0009658202;DK608B;;SKJE.CO;SKJERN BANK;DK;DKK;NASDAQ Copenhagen;;;;failed liquidity criteria;;
20260901;SXXP;STOXX Europe 600;EU0009658202;575339;;GILG.DE;DMG MORI;DE;EUR;XETRA;;;;failed liquidity criteria;;
20260901;SXXP;STOXX Europe 600;EU0009658202;BE505Z;;IBAB.BR;ION BEAM APPLICATIONS;BE;EUR;Euronext Brussels;;;;failed liquidity criteria;;
20260901;SXXP;STOXX Europe 600;EU0009658202;GB5062;;DFSD.L;DFS FURNITURE;GB;GBP;London SE;;;;failed liquidity criteria;;
20260901;SXXP;STOXX Europe 600;EU0009658202;CH9057;;SWTQ.S;SCHWEITER TECHNOLOGIES;CH;CHF;Six Swiss Exchange;;;;failed liquidity criteria;;
20260901;SXXP;STOXX Europe 600;EU0009658202;B08CHG;;EVSB.BR;EVS;BE;EUR;Euronext Brussels;;;;failed liquidity criteria;;
20260901;SXXP;STOXX Europe 600;EU0009658202;DK5035;;DJUR.CO;DJURSLANDS BANK;DK;DKK;NASDAQ Copenhagen;;;;failed liquidity criteria;;
20260901;SXXP;STOXX Europe 600;EU0009658202;GB00I9;;AO.L;AO WORLD;GB;GBP;London SE;;;;failed liquidity criteria;;
20260901;SXXP;STOXX Europe 600;EU0009658202;SE406G;;SCST.ST;SCANDI STANDARD;SE;SEK;NASDAQ Stockholm;;;;failed liquidity criteria;;
20260901;SXXP;STOXX Europe 600;EU0009658202;712495;;SRSr.AT;GR. SARANTIS;GR;EUR;ATHENS SE;;;;failed liquidity criteria;;
20260901;SXXP;STOXX Europe 600;EU0009658202;FR155H;;NRO.PA;NEURONES;FR;EUR;Euronext Paris;;;;failed liquidity criteria;;
20260901;SXXP;STOXX Europe 600;EU0009658202;EW040;;ABSP.WA;ASSECO BUSINESS SOLUTIONS;PL;PLN;Warsaw SE;;;;failed liquidity criteria;;
20260901;SXXP;STOXX Europe 600;EU0009658202;NO701J;;BWO.OL;BW OFFSHORE;NO;NOK;Oslo Bors;;;;failed liquidity criteria;;
20260901;SXXP;STOXX Europe 600;EU0009658202;CH101V;;AUTON.S;AUTONEUM HOLDING;CH;CHF;Six Swiss Exchange;;;;failed liquidity criteria;;
20260901;SXXP;STOXX Europe 600;EU0009658202;EW035;;CMP.WA;COMP SAFE SUPPORT;PL;PLN;Warsaw SE;;;;failed liquidity criteria;;
20260901;SXXP;STOXX Europe 600;EU0009658202;SE60R3;;TANGENb.ST;TANGEN INDUSTRIKAPITAL B;SE;SEK;NASDAQ Stockholm;;;;failed liquidity criteria;;
20260901;SXXP;STOXX Europe 600;EU0009658202;420763;;CIRI.MI;INDUSTRIALI RIUNITE SHS;IT;EUR;Borsa Italiana;;;;failed liquidity criteria;;
20260901;SXXP;STOXX Europe 600;EU0009658202;AT4029;;FACC.VI;FACC AG;AT;EUR;Wiener Boerse AG;;;;failed liquidity criteria;;
20260901;SXXP;STOXX Europe 600;EU0009658202;FI002Z;;MEKKO.HE;MARIMEKKO;FI;EUR;NASDAQ Helsinki;;;;failed liquidity criteria;;
20260901;SXXP;STOXX Europe 600;EU0009658202;IT409O;;YACHT.MI;FERRETTI SPA;IT;EUR;Borsa Italiana;;;1167;failed liquidity criteria;;
20260901;SXXP;STOXX Europe 600;EU0009658202;SE40U4;;KARNELb.ST;KARNELL GROUP B;SE;SEK;NASDAQ Stockholm;;;;failed liquidity criteria;;
20260901;SXXP;STOXX Europe 600;EU0009658202;DE13OJ;;ADVG.DE;ADTRAN NETWORKS;DE;EUR;XETRA;;;;failed liquidity criteria;;
20260901;SXXP;STOXX Europe 600;EU0009658202;FI6047;;FRAMERY.HE;FRAMERY GROUP;FI;EUR;NASDAQ Helsinki;;;;failed liquidity criteria;;
20260901;SXXP;STOXX Europe 600;EU0009658202;FR156I;;WAVE.PA;WAVESTONE;FR;EUR;Euronext Paris;;;;failed liquidity criteria;;
20260901;SXXP;STOXX Europe 600;EU0009658202;FI1075;;ALMAC.HE;ALMA MEDIA;FI;EUR;NASDAQ Helsinki;;;;failed liquidity criteria;;
20260901;SXXP;STOXX Europe 600;EU0009658202;SE40X7;;EMILb.ST;FASTIGHETSBOLAGET EMILSHUS B;SE;SEK;NASDAQ Stockholm;;;;failed liquidity criteria;;
20260901;SXXP;STOXX Europe 600;EU0009658202;IT007I;;GVS.MI;GVS;IT;EUR;Borsa Italiana;;;;failed liquidity criteria;;
20260901;SXXP;STOXX Europe 600;EU0009658202;B07443;;ESNT.L;Essentra PLC;GB;GBP;London SE;;;;failed liquidity criteria;;
20260901;SXXP;STOXX Europe 600;EU0009658202;NO10EQ;;ABGA.OL;ABG SUNDAL CLI.HLDG.;NO;NOK;Oslo Bors;;;;failed liquidity criteria;;
20260901;SXXP;STOXX Europe 600;EU0009658202;FI10FD;;ALBBV.HE;ALANDSBANKEN B;FI;EUR;NASDAQ Helsinki;;;;failed liquidity criteria;;
20260901;SXXP;STOXX Europe 600;EU0009658202;EW051;;NEUP.WA;NEUCA;PL;PLN;Warsaw SE;;;;failed liquidity criteria;;
20260901;SXXP;STOXX Europe 600;EU0009658202;SE009F;;BETCO.ST;BETTER COLLECTIVE;SE;SEK;NASDAQ Stockholm;;;;failed liquidity criteria;;
20260901;SXXP;STOXX Europe 600;EU0009658202;GB50TP;;GYM.L;THE GYM GROUP;GB;GBP;London SE;;;;failed liquidity criteria;;
20260901;SXXP;STOXX Europe 600;EU0009658202;FI10GE;;SCANFL.HE;SCANFIL;FI;EUR;NASDAQ Helsinki;;;;failed liquidity criteria;;
20260901;SXXP;STOXX Europe 600;EU0009658202;FR908N;;KOF.PA;KAUFMAN ET BROAD;FR;EUR;Euronext Paris;;;;failed liquidity criteria;;
20260901;SXXP;STOXX Europe 600;EU0009658202;NO604L;;NEL.OL;NEL;NO;NOK;Oslo Bors;;;1170;failed liquidity criteria;;
20260901;SXXP;STOXX Europe 600;EU0009658202;514021;;PSG.MC;PROSEGUR;ES;EUR;BME Exchange;;;;failed liquidity criteria;;
20260901;SXXP;STOXX Europe 600;EU0009658202;FI1053;;RAIVV.HE;RAISIO;FI;EUR;NASDAQ Helsinki;;;;failed liquidity criteria;;
20260901;SXXP;STOXX Europe 600;EU0009658202;SE3AVE;;ACAST.ST;ACAST;SE;SEK;NASDAQ Stockholm;;;1173;failed liquidity criteria;;
20260901;SXXP;STOXX Europe 600;EU0009658202;FI905B;;REG1V.HE;REVENIO GROUP;FI;EUR;NASDAQ Helsinki;;;;failed liquidity criteria;;
20260901;SXXP;STOXX Europe 600;EU0009658202;NO003E;;BWE.OL;BW ENERGY;NO;NOK;Oslo Bors;;;;failed liquidity criteria;;
20260901;SXXP;STOXX Europe 600;EU0009658202;PT101K;;SEM.LS;SEMAPA;PT;EUR;Euronext Lisbon;;;;failed liquidity criteria;;
20260901;SXXP;STOXX Europe 600;EU0009658202;NO90DX;;MEDI.OL;MEDI-STIM;NO;NOK;Oslo Bors;;;;failed liquidity criteria;;
20260901;SXXP;STOXX Europe 600;EU0009658202;SE20IQ;;ENGCONb.ST;ENGCON B;SE;SEK;NASDAQ Stockholm;;;;failed liquidity criteria;;
20260901;SXXP;STOXX Europe 600;EU0009658202;NO90EY;;PARB.OL;PARETO BANK;NO;NOK;Oslo Bors;;;;failed liquidity criteria;;
20260901;SXXP;STOXX Europe 600;EU0009658202;DE9055;;HABAn.DE;HAMBORNER REIT;DE;EUR;XETRA;;;;failed liquidity criteria;;
20260901;SXXP;STOXX Europe 600;EU0009658202;AT602B;;SMRX.VI;EMERALD HORIZON AG;AT;EUR;Wiener Boerse AG;;;;failed liquidity criteria;;
20260901;SXXP;STOXX Europe 600;EU0009658202;SE143E;;REJLb.ST;REJLERS B;SE;SEK;NASDAQ Stockholm;;;;failed liquidity criteria;;
20260901;SXXP;STOXX Europe 600;EU0009658202;PL206I;;GPPP.WA;GRUPA PRACUJ;PL;PLN;Warsaw SE;;;;failed liquidity criteria;;
20260901;SXXP;STOXX Europe 600;EU0009658202;BE9020;;ASCE.BR;ASCENCIO SCA REIT;BE;EUR;Euronext Brussels;;;;failed liquidity criteria;;
20260901;SXXP;STOXX Europe 600;EU0009658202;ES10DK;;TUBA.MC;TUBACEX;ES;EUR;BME Exchange;;;1175;failed liquidity criteria;;
20260901;SXXP;STOXX Europe 600;EU0009658202;PL11S4;;VRCP.WA;VERCOM;PL;PLN;Warsaw SE;;;;failed liquidity criteria;;
20260901;SXXP;STOXX Europe 600;EU0009658202;546239;;LINDEX.HE;LINDEX GROUP;FI;EUR;NASDAQ Helsinki;;;;failed liquidity criteria;;
20260901;SXXP;STOXX Europe 600;EU0009658202;SE60GS;;MORROW.ST;MORROW BANK;SE;SEK;NASDAQ Stockholm;;;;failed liquidity criteria;;
20260901;SXXP;STOXX Europe 600;EU0009658202;DE13XS;;YSNG.DE;SECUNET SCTY.NETWORKS;DE;EUR;XETRA;;;;failed liquidity criteria;;
20260901;SXXP;STOXX Europe 600;EU0009658202;DE143Z;;WUWGn.DE;WUESTENROT & WUERTT.;DE;EUR;XETRA;;;;failed liquidity criteria;;
20260901;SXXP;STOXX Europe 600;EU0009658202;554197;;OBEL.BR;ORANGE BELGIUM;BE;EUR;Euronext Brussels;;;;failed liquidity criteria;;
20260901;SXXP;STOXX Europe 600;EU0009658202;NO502I;;MULTI.OL;MULTICONSULT;NO;NOK;Oslo Bors;;;;failed liquidity criteria;;
20260901;SXXP;STOXX Europe 600;EU0009658202;CH12QM;;VETN.S;VETROPACK 'B';CH;CHF;Six Swiss Exchange;;;;failed liquidity criteria;;
20260901;SXXP;STOXX Europe 600;EU0009658202;DE20A3;;PNEGn.DE;PNE;DE;EUR;XETRA;;;;failed liquidity criteria;;
20260901;SXXP;STOXX Europe 600;EU0009658202;FR14FQ;;PEUG.PA;PEUGEOT INVEST;FR;EUR;Euronext Paris;;;;failed liquidity criteria;;
20260901;SXXP;STOXX Europe 600;EU0009658202;NO60O5;;BOHUS.OL;BOHUS;NO;NOK;Oslo Bors;;;;failed liquidity criteria;;
20260901;SXXP;STOXX Europe 600;EU0009658202;LU501L;;GYC.DE;GRAND CITY PROPERTIES;DE;EUR;XETRA;;;1176;failed liquidity criteria;;
20260901;SXXP;STOXX Europe 600;EU0009658202;IT149P;;PHNU.MI;PHARMANUTRA;IT;EUR;Borsa Italiana;;;1194;failed liquidity criteria;;
20260901;SXXP;STOXX Europe 600;EU0009658202;ES804I;;ENC.MC;ENCE ENERGIA Y CELULOSA;ES;EUR;BME Exchange;;;;failed liquidity criteria;;
20260901;SXXP;STOXX Europe 600;EU0009658202;SE10PW;;MEKO.ST;MEKO;SE;SEK;NASDAQ Stockholm;;;;failed liquidity criteria;;
20260901;SXXP;STOXX Europe 600;EU0009658202;SE709M;;ALLIGOb.ST;ALLIGO;SE;SEK;NASDAQ Stockholm;;;;failed liquidity criteria;;
20260901;SXXP;STOXX Europe 600;EU0009658202;764862;;OLPr.AT;PIRAEUS PORT AUTH.CR;GR;EUR;ATHENS SE;;;;failed liquidity criteria;;
20260901;SXXP;STOXX Europe 600;EU0009658202;FR14KV;;VETO.PA;VETOQUINOL;FR;EUR;Euronext Paris;;;;failed liquidity criteria;;
20260901;SXXP;STOXX Europe 600;EU0009658202;ES041;;BMAX.ST;BYGGMAX GROUP;SE;SEK;NASDAQ Stockholm;;;;failed liquidity criteria;;
20260901;SXXP;STOXX Europe 600;EU0009658202;SE15HT;;PACT.ST;PROACT IT GROUP;SE;SEK;NASDAQ Stockholm;;;;failed liquidity criteria;;
20260901;SXXP;STOXX Europe 600;EU0009658202;NO207K;;KCCK.OL;KLAVENESS COMBINATION CARRIERS;NO;NOK;Oslo Bors;;;;failed liquidity criteria;;
20260901;SXXP;STOXX Europe 600;EU0009658202;CH2050;;SNBN.S;SCHWEIZERISCHE NAT.BK.;CH;CHF;Six Swiss Exchange;;;;failed liquidity criteria;;
20260901;SXXP;STOXX Europe 600;EU0009658202;B11Y3K;;PATGn.DE;PATRIZIA;DE;EUR;XETRA;;;;failed liquidity criteria;;
20260901;SXXP;STOXX Europe 600;EU0009658202;DK5046;;AOJb.CO;BROEDRENE A & O JOHANSEN;DK;DKK;NASDAQ Copenhagen;;;;failed liquidity criteria;;
20260901;SXXP;STOXX Europe 600;EU0009658202;NO14HX;;CLOUD.OL;CLOUDBERRY CLEAN ENERGY;NO;NOK;Oslo Bors;;;;failed liquidity criteria;;
20260901;SXXP;STOXX Europe 600;EU0009658202;SE14FQ;;STEFb.ST;STENDORREN FASTIGHETER B;SE;SEK;NASDAQ Stockholm;;;;failed liquidity criteria;;
20260901;SXXP;STOXX Europe 600;EU0009658202;B28KPZ;;EAST9.ST;EASTNINE;SE;SEK;NASDAQ Stockholm;;;;failed liquidity criteria;;
20260901;SXXP;STOXX Europe 600;EU0009658202;FI7037;;CAPMAN.HE;CAPMAN 'B';FI;EUR;NASDAQ Helsinki;;;;failed liquidity criteria;;
20260901;SXXP;STOXX Europe 600;EU0009658202;DE13WR;;STOG_p.DE;STO PREFERENCE;DE;EUR;XETRA;;;;failed liquidity criteria;;
20260901;SXXP;STOXX Europe 600;EU0009658202;NO506M;;MORLD.OL;MORELD;NO;NOK;Oslo Bors;;;;failed liquidity criteria;;
20260901;SXXP;STOXX Europe 600;EU0009658202;NO50FV;;SOMA.OL;SOLSTAD MARITIME;NO;NOK;Oslo Bors;;;;failed liquidity criteria;;
20260901;SXXP;STOXX Europe 600;EU0009658202;435969;;VIEV.VI;FLUGHAFEN WIEN;AT;EUR;Wiener Boerse AG;;;;failed liquidity criteria;;
20260901;SXXP;STOXX Europe 600;EU0009658202;DE40D8;;DOUn.DE;DOUGLAS;DE;EUR;XETRA;;;1199;failed liquidity criteria;;
20260901;SXXP;STOXX Europe 600;EU0009658202;SE40T3;;COREpref.ST;COREM PROPERTY GROUP PREF.;SE;SEK;NASDAQ Stockholm;;;;failed liquidity criteria;;
20260901;SXXP;STOXX Europe 600;EU0009658202;BE5082;;JEN.BR;JENSEN-GROUP;BE;EUR;Euronext Brussels;;;;failed liquidity criteria;;
20260901;SXXP;STOXX Europe 600;EU0009658202;454721;;LAGA.PA;LAGARDERE;FR;EUR;Euronext Paris;;;;failed liquidity criteria;;
20260901;SXXP;STOXX Europe 600;EU0009658202;404904;;MOED.MI;ARNOLDO MONDADORI EDI.;IT;EUR;Borsa Italiana;;;;failed liquidity criteria;;
20260901;SXXP;STOXX Europe 600;EU0009658202;IT14AQ;;PHIL.MI;PHILOGEN;IT;EUR;Borsa Italiana;;;;failed liquidity criteria;;
20260901;SXXP;STOXX Europe 600;EU0009658202;FI9028;;PON1V.HE;PONSSE;FI;EUR;NASDAQ Helsinki;;;;failed liquidity criteria;;
20260901;SXXP;STOXX Europe 600;EU0009658202;PL10FQ;;MBR.WA;MOBRUK;PL;PLN;Warsaw SE;;;;failed liquidity criteria;;
20260901;SXXP;STOXX Europe 600;EU0009658202;FI607A;;AUROORA.HE;AUROORA GROUP;FI;EUR;NASDAQ Helsinki;;;;failed liquidity criteria;;
20260901;SXXP;STOXX Europe 600;EU0009658202;SE14MX;;NMAN.ST;NEDERMAN HOLDING;SE;SEK;NASDAQ Stockholm;;;;failed liquidity criteria;;
20260901;SXXP;STOXX Europe 600;EU0009658202;SE80DR;;BHGF.ST;BHG Group AB;SE;SEK;NASDAQ Stockholm;;;;failed liquidity criteria;;
20260901;SXXP;STOXX Europe 600;EU0009658202;NO90FZ;;ROGS.OL;ROGALAND SPAREBANK;NO;NOK;Oslo Bors;;;;failed liquidity criteria;;
20260901;SXXP;STOXX Europe 600;EU0009658202;FI50DF;;LASTIK.HE;LASSILA & TIKANOJA;FI;EUR;NASDAQ Helsinki;;;;failed liquidity criteria;;
20260901;SXXP;STOXX Europe 600;EU0009658202;AT504C;;FQT.VI;FREQUENTIS;AT;EUR;Wiener Boerse AG;;;;failed liquidity criteria;;
20260901;SXXP;STOXX Europe 600;EU0009658202;NO10MY;;ODF.OL;ODFJELL A;NO;NOK;Oslo Bors;;;;failed liquidity criteria;;
20260901;SXXP;STOXX Europe 600;EU0009658202;408252;;BOGr.AT;BANK OF GREECE;GR;EUR;ATHENS SE;;;;failed liquidity criteria;;
20260901;SXXP;STOXX Europe 600;EU0009658202;PL90EX;;MLGP.WA;MLPGROUP;PL;PLN;Warsaw SE;;;;failed liquidity criteria;;
20260901;SXXP;STOXX Europe 600;EU0009658202;SE3D9V;;EPEND.ST;EPENDION;SE;SEK;NASDAQ Stockholm;;;;failed liquidity criteria;;
20260901;SXXP;STOXX Europe 600;EU0009658202;SE146H;;BTSb.ST;BTS GROUP B;SE;SEK;NASDAQ Stockholm;;;;failed liquidity criteria;;
20260901;SXXP;STOXX Europe 600;EU0009658202;PL50BQ;;TOR.WA;TORPOL;PL;PLN;Warsaw SE;;;;failed liquidity criteria;;
20260901;SXXP;STOXX Europe 600;EU0009658202;GR10EM;;IDEr.AT;IDEAL GROUP CR;GR;EUR;ATHENS SE;;;;failed liquidity criteria;;
20260901;SXXP;STOXX Europe 600;EU0009658202;481835;;SGCG.DE;SGL CARBON;DE;EUR;XETRA;;;;failed liquidity criteria;;
20260901;SXXP;STOXX Europe 600;EU0009658202;GR402D;;PRODr.AT;PRODEA REAL ESTATE INVESTMENT COMPANY;GR;EUR;ATHENS SE;;;;failed liquidity criteria;;
20260901;SXXP;STOXX Europe 600;EU0009658202;475497;;DEQGn.DE;DEUTSCHE EUROSHOP;DE;EUR;XETRA;;;;failed liquidity criteria;;
20260901;SXXP;STOXX Europe 600;EU0009658202;DK0030;;JDAN.CO;JEUDAN;DK;DKK;NASDAQ Copenhagen;;;;failed liquidity criteria;;
20260901;SXXP;STOXX Europe 600;EU0009658202;FI11KJ;;OMASP.HE;OMA SAASTOPANKKI;FI;EUR;NASDAQ Helsinki;;;;failed liquidity criteria;;
20260901;SXXP;STOXX Europe 600;EU0009658202;FI2043;;FSECURE.HE;F-SECURE;FI;EUR;NASDAQ Helsinki;;;;failed liquidity criteria;;
20260901;SXXP;STOXX Europe 600;EU0009658202;434800;;CBOS.BR;COMPAGNIE DU BOIS SAUVAGE;BE;EUR;Euronext Brussels;;;;failed liquidity criteria;;
20260901;SXXP;STOXX Europe 600;EU0009658202;NO004F;;RING.OL;SPB.1 RINGERIKE HADELAND;NO;NOK;Oslo Bors;;;;failed liquidity criteria;;
20260901;SXXP;STOXX Europe 600;EU0009658202;NO111E;;HELG.OL;SPAREBANK 1 HELGELAND;NO;NOK;Oslo Bors;;;;failed liquidity criteria;;
20260901;SXXP;STOXX Europe 600;EU0009658202;NO32WC;;SMOP.OL;SMARTOPTICS GROUP;NO;NOK;Oslo Bors;;;1211;failed liquidity criteria;;
20260901;SXXP;STOXX Europe 600;EU0009658202;462719;;BVB.DE;BORUSSIA DORTMUND;DE;EUR;XETRA;;;;failed liquidity criteria;;
20260901;SXXP;STOXX Europe 600;EU0009658202;B1Y0SZ;;ZV.MI;ZIGNAGO VETRO;IT;EUR;Borsa Italiana;;;;failed liquidity criteria;;
20260901;SXXP;STOXX Europe 600;EU0009658202;GR802H;;AUTr.AT;AUTOHELLAS;GR;EUR;ATHENS SE;;;;failed liquidity criteria;;
20260901;SXXP;STOXX Europe 600;EU0009658202;B1JMNT;;ASCI.MI;ASCOPIAVE;IT;EUR;Borsa Italiana;;;;failed liquidity criteria;;
20260901;SXXP;STOXX Europe 600;EU0009658202;SE80HV;;CEVI.ST;CELLAVISION;SE;SEK;NASDAQ Stockholm;;;;failed liquidity criteria;;
20260901;SXXP;STOXX Europe 600;EU0009658202;525288;;PSMGn.DE;PROSIEBENSAT.1 MEDIA;DE;EUR;XETRA;;;;failed liquidity criteria;;
20260901;SXXP;STOXX Europe 600;EU0009658202;SE14S3;;SFRG.ST;STILLFRONT GROUP;SE;SEK;NASDAQ Stockholm;;;;failed liquidity criteria;;
20260901;SXXP;STOXX Europe 600;EU0009658202;BE5071;;VASTB.BR;VASTNED BELGIUM;BE;EUR;Euronext Brussels;;;;failed liquidity criteria;;
20260901;SXXP;STOXX Europe 600;EU0009658202;EW016;;PEPP.WA;POLENERGIA;PL;PLN;Warsaw SE;;;;failed liquidity criteria;;
20260901;SXXP;STOXX Europe 600;EU0009658202;IT90AU;;IGD.MI;IMMOBILIARE GRANDE DIST. SPA;IT;EUR;Borsa Italiana;;;;failed liquidity criteria;;
20260901;SXXP;STOXX Europe 600;EU0009658202;PL407L;;MURP.WA;MURAPOL;PL;PLN;Warsaw SE;;;;failed liquidity criteria;;
20260901;SXXP;STOXX Europe 600;EU0009658202;FI2021;;EVLI.HE;EVLI;FI;EUR;NASDAQ Helsinki;;;;failed liquidity criteria;;
20260901;SXXP;STOXX Europe 600;EU0009658202;506633;;DBANn.DE;DEUTSCHE BETEILIGUNGS;DE;EUR;XETRA;;;;failed liquidity criteria;;
20260901;SXXP;STOXX Europe 600;EU0009658202;IT10ZB;;EDNn.MI;EDISON RSP;IT;EUR;Borsa Italiana;;;;failed liquidity criteria;;
20260901;SXXP;STOXX Europe 600;EU0009658202;DE140W;;ADNGk.DE;ADESSO;DE;EUR;XETRA;;;;failed liquidity criteria;;
20260901;SXXP;STOXX Europe 600;EU0009658202;NO808R;;AFK.OL;ARENDALS FOSSEKOMPANI;NO;NOK;Oslo Bors;;;;failed liquidity criteria;;
20260901;SXXP;STOXX Europe 600;EU0009658202;PL005F;;MRB.WA;MIRBUD;PL;PLN;Warsaw SE;;;;failed liquidity criteria;;
20260901;SXXP;STOXX Europe 600;EU0009658202;SE15EQ;;FMMb.ST;FM MATTSON B;SE;SEK;NASDAQ Stockholm;;;;failed liquidity criteria;;
20260901;SXXP;STOXX Europe 600;EU0009658202;PL509O;;WPPL.WA;WIRTUALNA POLSKA;PL;PLN;Warsaw SE;;;;failed liquidity criteria;;
20260901;SXXP;STOXX Europe 600;EU0009658202;BE118Z;;HINV.BR;HOME INVEST BELGIUM;BE;EUR;Euronext Brussels;;;;failed liquidity criteria;;
20260901;SXXP;STOXX Europe 600;EU0009658202;NO206J;;OKEA.OL;OKEA;NO;NOK;Oslo Bors;;;1220;failed liquidity criteria;;
20260901;SXXP;STOXX Europe 600;EU0009658202;FI5013;;ENENTO.HE;ENENTO GROUP;FI;EUR;NASDAQ Helsinki;;;;failed liquidity criteria;;
20260901;SXXP;STOXX Europe 600;EU0009658202;SE903I;;HEBAb.ST;HEBA FASTIGHETS B;SE;SEK;NASDAQ Stockholm;;;;failed liquidity criteria;;
20260901;SXXP;STOXX Europe 600;EU0009658202;IT359S;;EQUI.MI;EQUITA GROUP;IT;EUR;Borsa Italiana;;;;failed liquidity criteria;;
20260901;SXXP;STOXX Europe 600;EU0009658202;PL00NX;;VOXP.WA;VOXEL;PL;PLN;Warsaw SE;;;;failed liquidity criteria;;
20260901;SXXP;STOXX Europe 600;EU0009658202;SE3DAW;;VICOR.ST;VICORE PHARMA HOLDING;SE;SEK;NASDAQ Stockholm;;;;failed liquidity criteria;;
20260901;SXXP;STOXX Europe 600;EU0009658202;SE608K;;BONAVb.ST;Bonava B;SE;SEK;NASDAQ Stockholm;;;;failed liquidity criteria;;
20260901;SXXP;STOXX Europe 600;EU0009658202;DE8021;;INS2.DE;INSTONE REAL ESTATE GROUP;DE;EUR;XETRA;;;;failed liquidity criteria;;
20260901;SXXP;STOXX Europe 600;EU0009658202;GR0018;;IQTr.AT;QUEST HOLDINGS CR;GR;EUR;ATHENS SE;;;;failed liquidity criteria;;
20260901;SXXP;STOXX Europe 600;EU0009658202;SE90R6;;JOMA.ST;JOHN MATTSON FASTIGHETSFORETAG;SE;SEK;NASDAQ Stockholm;;;;failed liquidity criteria;;
20260901;SXXP;STOXX Europe 600;EU0009658202;444758;;ECH.WA;ECHO INVESTMENT;PL;PLN;Warsaw SE;;;;failed liquidity criteria;;
20260901;SXXP;STOXX Europe 600;EU0009658202;FI1187;;VIK1V.HE;VIKING LINE;FI;EUR;NASDAQ Helsinki;;;;failed liquidity criteria;;
20260901;SXXP;STOXX Europe 600;EU0009658202;BE11A1;;DECB.BR;DECEUNINCK ECH;BE;EUR;Euronext Brussels;;;;failed liquidity criteria;;
20260901;SXXP;STOXX Europe 600;EU0009658202;PL11DP;;ARHP.WA;ARCHICOM;PL;PLN;Warsaw SE;;;;failed liquidity criteria;;
20260901;SXXP;STOXX Europe 600;EU0009658202;FI50BD;;PAMPALO.HE;ENDOMINES FINLAND;FI;EUR;NASDAQ Helsinki;;;;failed liquidity criteria;;
20260901;SXXP;STOXX Europe 600;EU0009658202;DE142Y;;ILM1k.DE;MEDIOS;DE;EUR;XETRA;;;;failed liquidity criteria;;
20260901;SXXP;STOXX Europe 600;EU0009658202;DE31LG;;NCH2.DE;THYSSENKRUPP NUCERA;DE;EUR;XETRA;;;;failed liquidity criteria;;
20260901;SXXP;STOXX Europe 600;EU0009658202;FI11BA;;ATRAV.HE;ATRIA 'A';FI;EUR;NASDAQ Helsinki;;;;failed liquidity criteria;;
20260901;SXXP;STOXX Europe 600;EU0009658202;EW045;;MNCP.WA;MENNICA PANSTWOWA;PL;PLN;Warsaw SE;;;;failed liquidity criteria;;
20260901;SXXP;STOXX Europe 600;EU0009658202;FI3044;;UNITED.HE;UNITED BANKERS;FI;EUR;NASDAQ Helsinki;;;;failed liquidity criteria;;
20260901;SXXP;STOXX Europe 600;EU0009658202;FI2065;;REMEDY.HE;REMEDY ENTERTAINMENT;FI;EUR;NASDAQ Helsinki;;;;failed liquidity criteria;;
20260901;SXXP;STOXX Europe 600;EU0009658202;FI904A;;ASPO.HE;ASPO;FI;EUR;NASDAQ Helsinki;;;;failed liquidity criteria;;
20260901;SXXP;STOXX Europe 600;EU0009658202;PL904N;;FROP.WA;FERRO;PL;PLN;Warsaw SE;;;;failed liquidity criteria;;
20260901;SXXP;STOXX Europe 600;EU0009658202;NO10AM;;SOFF.OL;SOLSTAD OFFSHORE;NO;NOK;Oslo Bors;;;;failed liquidity criteria;;
20260901;SXXP;STOXX Europe 600;EU0009658202;AT107B;;RBAV.VI;ROSENBAUER INTL.;AT;EUR;Wiener Boerse AG;;;;failed liquidity criteria;;
20260901;SXXP;STOXX Europe 600;EU0009658202;DK1042;;SOLARb.CO;SOLAR B;DK;DKK;NASDAQ Copenhagen;;;;failed liquidity criteria;;
20260901;SXXP;STOXX Europe 600;EU0009658202;SE904J;;KNOW.ST;KNOWIT;SE;SEK;NASDAQ Stockholm;;;;failed liquidity criteria;;
20260901;SXXP;STOXX Europe 600;EU0009658202;FI60CF;;POSTI.HE;POSTI GROUP CORPORATION;FI;EUR;NASDAQ Helsinki;;;;failed liquidity criteria;;
20260901;SXXP;STOXX Europe 600;EU0009658202;FI11A9;;ICP1V.HE;INCAP;FI;EUR;NASDAQ Helsinki;;;;failed liquidity criteria;;
20260901;SXXP;STOXX Europe 600;EU0009658202;NO204H;;SOAG.OL;SPAREBANK 1 OSTFOLD;NO;NOK;Oslo Bors;;;;failed liquidity criteria;;
20260901;SXXP;STOXX Europe 600;EU0009658202;SE11AI;;ITAB.ST;ITAB GROUP B;SE;SEK;NASDAQ Stockholm;;;;failed liquidity criteria;;
20260901;SXXP;STOXX Europe 600;EU0009658202;BE203U;;WEHB.BR;WERELDHAVE BELGIUM;BE;EUR;Euronext Brussels;;;;failed liquidity criteria;;
20260901;SXXP;STOXX Europe 600;EU0009658202;BE401U;;ONTEX.BR;ONTEX GROUP;BE;EUR;Euronext Brussels;;;;failed liquidity criteria;;
20260901;SXXP;STOXX Europe 600;EU0009658202;SE114C;;NEOBO.ST;NEOBO FASTIGHETER;SE;SEK;NASDAQ Stockholm;;;;failed liquidity criteria;;
20260901;SXXP;STOXX Europe 600;EU0009658202;450201;;AKAST.OL;AKASTOR;NO;NOK;Oslo Bors;;;;failed liquidity criteria;;
20260901;SXXP;STOXX Europe 600;EU0009658202;FI60BE;;KREATE.HE;KREATE GROUP;FI;EUR;NASDAQ Helsinki;;;;failed liquidity criteria;;
20260901;SXXP;STOXX Europe 600;EU0009658202;DE14C8;;EKTG.DE;ENERGIEKONTOR;DE;EUR;XETRA;;;;failed liquidity criteria;;
20260901;SXXP;STOXX Europe 600;EU0009658202;SE60MY;;SALIX.ST;SALIX GROUP;SE;SEK;NASDAQ Stockholm;;;;failed liquidity criteria;;
20260901;SXXP;STOXX Europe 600;EU0009658202;DK1200;;HHDC.CO;H+H INTERNATIONAL;DK;DKK;NASDAQ Copenhagen;;;;failed liquidity criteria;;
20260901;SXXP;STOXX Europe 600;EU0009658202;NO14DT;;PLT.OL;POLIGHT;NO;NOK;Oslo Bors;;;;failed liquidity criteria;;
20260901;SXXP;STOXX Europe 600;EU0009658202;NO14JZ;;SALME.OL;SALMON EVOLUTION;NO;NOK;Oslo Bors;;;;failed liquidity criteria;;
20260901;SXXP;STOXX Europe 600;EU0009658202;GR135G;;INRr.AT;INTRACOM HOLDINGS;GR;EUR;ATHENS SE;;;;failed liquidity criteria;;
20260901;SXXP;STOXX Europe 600;EU0009658202;492211;;VRGP.WA;VRG SA;PL;PLN;Warsaw SE;;;;failed liquidity criteria;;
20260901;SXXP;STOXX Europe 600;EU0009658202;SE339L;;HUMBLE.ST;HUMBLE GROUP;SE;SEK;NASDAQ Stockholm;;;;failed liquidity criteria;;
20260901;SXXP;STOXX Europe 600;EU0009658202;BE205W;;VELD.BR;VAN DE VELDE;BE;EUR;Euronext Brussels;;;;failed liquidity criteria;;
20260901;SXXP;STOXX Europe 600;EU0009658202;BE11B2;;FLUX.BR;FLUXYS BELGIUM 'D';BE;EUR;Euronext Brussels;;;;failed liquidity criteria;;
20260901;SXXP;STOXX Europe 600;EU0009658202;SE20BJ;;SVEDb.ST;SVEDBERGS B;SE;SEK;NASDAQ Stockholm;;;;failed liquidity criteria;;
20260901;SXXP;STOXX Europe 600;EU0009658202;522810;;APTP.WA;APATOR;PL;PLN;Warsaw SE;;;;failed liquidity criteria;;
20260901;SXXP;STOXX Europe 600;EU0009658202;FI0030;;EQV1V.HE;EQ;FI;EUR;NASDAQ Helsinki;;;;failed liquidity criteria;;
20260901;SXXP;STOXX Europe 600;EU0009658202;B03RSL;;DUNI.ST;DUNI;SE;SEK;NASDAQ Stockholm;;;;failed liquidity criteria;;
20260901;SXXP;STOXX Europe 600;EU0009658202;NO13WB;;ARCHA.OL;ARCHER;NO;NOK;Oslo Bors;;;;failed liquidity criteria;;
20260901;SXXP;STOXX Europe 600;EU0009658202;407365;;BO.CO;BANG AND OLUFSEN;DK;DKK;NASDAQ Copenhagen;;;;failed liquidity criteria;;
20260901;SXXP;STOXX Europe 600;EU0009658202;738349;;NOBI.ST;NOBIA;SE;SEK;NASDAQ Stockholm;;;;failed liquidity criteria;;
20260901;SXXP;STOXX Europe 600;EU0009658202;NO10NZ;;KOA.OL;KONGSBERG AUTV.HOLDING;NO;NOK;Oslo Bors;;;;failed liquidity criteria;;
20260901;SXXP;STOXX Europe 600;EU0009658202;FI8027;;ANORA.HE;Anora Group;FI;EUR;NASDAQ Helsinki;;;;failed liquidity criteria;;
20260901;SXXP;STOXX Europe 600;EU0009658202;NO33L2;;PRSO.OL;PROSAFE;NO;NOK;Oslo Bors;;;;failed liquidity criteria;;
20260901;SXXP;STOXX Europe 600;EU0009658202;AT901D;;AGRV.VI;AGRANA BETEILIGUNGS;AT;EUR;Wiener Boerse AG;;;;failed liquidity criteria;;
20260901;SXXP;STOXX Europe 600;EU0009658202;SE414F;;PRISMA.ST;PRISMA PROPERTIES;SE;SEK;NASDAQ Stockholm;;;;failed liquidity criteria;;
20260901;SXXP;STOXX Europe 600;EU0009658202;FI6058;;SOSI1.HE;SOTKAMO SILVER;FI;EUR;NASDAQ Helsinki;;;1228;failed liquidity criteria;;
20260901;SXXP;STOXX Europe 600;EU0009658202;PL801J;;TXTP.WA;TEXT;PL;PLN;Warsaw SE;;;;failed liquidity criteria;;
20260901;SXXP;STOXX Europe 600;EU0009658202;B07XWG;;EATP.WA;AMREST HLDG;PL;PLN;Warsaw SE;;;;failed liquidity criteria;;
20260901;SXXP;STOXX Europe 600;EU0009658202;PL11JV;;ICEP.WA;MEDINICE;PL;PLN;Warsaw SE;;;;failed liquidity criteria;;
20260901;SXXP;STOXX Europe 600;EU0009658202;BE303V;;FLOB.BR;FLORIDIENNE;BE;EUR;Euronext Brussels;;;;failed liquidity criteria;;
20260901;SXXP;STOXX Europe 600;EU0009658202;PL402G;;ENGP.WA;ENERGA;PL;PLN;Warsaw SE;;;;failed liquidity criteria;;
20260901;SXXP;STOXX Europe 600;EU0009658202;FI3033;;RELAIS.HE;RELAIS GROUP;FI;EUR;NASDAQ Helsinki;;;;failed liquidity criteria;;
20260901;SXXP;STOXX Europe 600;EU0009658202;NO10W8;;AKVA.OL;AKVA GROUP;NO;NOK;Oslo Bors;;;;failed liquidity criteria;;
20260901;SXXP;STOXX Europe 600;EU0009658202;PL90I1;;DATP.WA;DATAWALK;PL;PLN;Warsaw SE;;;;failed liquidity criteria;;
20260901;SXXP;STOXX Europe 600;EU0009658202;FI1064;;ORIOLA.HE;ORIOLA;FI;EUR;NASDAQ Helsinki;;;;failed liquidity criteria;;
20260901;SXXP;STOXX Europe 600;EU0009658202;GR60FS;;PRFr.AT;PROFILE SYS.&.SOFTWARE;GR;EUR;ATHENS SE;;;;failed liquidity criteria;;
20260901;SXXP;STOXX Europe 600;EU0009658202;PT901S;;IBS.LS;IBERSOL - SGPS;PT;EUR;Euronext Lisbon;;;;failed liquidity criteria;;
20260901;SXXP;STOXX Europe 600;EU0009658202;SE51MY;;SANION.ST;SANIONA;SE;SEK;NASDAQ Stockholm;;;;failed liquidity criteria;;
20260901;SXXP;STOXX Europe 600;EU0009658202;SE144F;;CTTS.ST;CTT SYSTEMS;SE;SEK;NASDAQ Stockholm;;;;failed liquidity criteria;;
20260901;SXXP;STOXX Europe 600;EU0009658202;NO20IV;;AGLX.OL;AGILYX;NO;NOK;Oslo Bors;;;;failed liquidity criteria;;
20260901;SXXP;STOXX Europe 600;EU0009658202;FI11HG;;PIHLIS.HE;PIHLAJALINNA;FI;EUR;NASDAQ Helsinki;;;;failed liquidity criteria;;
20260901;SXXP;STOXX Europe 600;EU0009658202;DE80CB;;WEW.DE;WESTWING GROUP;DE;EUR;XETRA;;;;failed liquidity criteria;;
20260901;SXXP;STOXX Europe 600;EU0009658202;FI10IG;;TAALA.HE;TAALERI;FI;EUR;NASDAQ Helsinki;;;;failed liquidity criteria;;
20260901;SXXP;STOXX Europe 600;EU0009658202;SE70BO;;FAG.ST;FAGERHULT GROUP;SE;SEK;NASDAQ Stockholm;;;;failed liquidity criteria;;
20260901;SXXP;STOXX Europe 600;EU0009658202;NO005G;;PHO.OL;PHOTOCURE;NO;NOK;Oslo Bors;;;;failed liquidity criteria;;
20260901;SXXP;STOXX Europe 600;EU0009658202;NO14AQ;;SPOG.OL;SPAREBANKEN OST;NO;NOK;Oslo Bors;;;;failed liquidity criteria;;
20260901;SXXP;STOXX Europe 600;EU0009658202;PL10NY;;COGP.WA;COGNOR HOLDING;PL;PLN;Warsaw SE;;;;failed liquidity criteria;;
20260901;SXXP;STOXX Europe 600;EU0009658202;NO605M;;GSFG.OL;GRIEG SEAFOOD;NO;NOK;Oslo Bors;;;;failed liquidity criteria;;
20260901;SXXP;STOXX Europe 600;EU0009658202;SE90N2;;FPARa.ST;FAST PARTNER;SE;SEK;NASDAQ Stockholm;;;;failed liquidity criteria;;
20260901;SXXP;STOXX Europe 600;EU0009658202;NO60AR;;SBOS.OL;SELVAAG BOLIG;NO;NOK;Oslo Bors;;;;failed liquidity criteria;;
20260901;SXXP;STOXX Europe 600;EU0009658202;FI11JI;;GOFORE.HE;GOFORE;FI;EUR;NASDAQ Helsinki;;;;failed liquidity criteria;;
20260901;SXXP;STOXX Europe 600;EU0009658202;PL50DS;;DIG1.WA;DIGITAL NETWORK;PL;PLN;Warsaw SE;;;;failed liquidity criteria;;
20260901;SXXP;STOXX Europe 600;EU0009658202;PL902L;;1AT.WA;ATAL;PL;PLN;Warsaw SE;;;;failed liquidity criteria;;
20260901;SXXP;STOXX Europe 600;EU0009658202;PL90H0;;ENTP.WA;ENTER AIR;PL;PLN;Warsaw SE;;;;failed liquidity criteria;;
20260901;SXXP;STOXX Europe 600;EU0009658202;SE51FR;;CARAS.ST;CARASENT;SE;SEK;NASDAQ Stockholm;;;;failed liquidity criteria;;
20260901;SXXP;STOXX Europe 600;EU0009658202;410827;;EXCr.AT;EURONEXT ATHENS HOLDING;GR;EUR;ATHENS SE;;;;failed liquidity criteria;;
20260901;SXXP;STOXX Europe 600;EU0009658202;SE203B;;TRIANb.ST;FASTIGHETS AB TRIANON;SE;SEK;NASDAQ Stockholm;;;;failed liquidity criteria;;
20260901;SXXP;STOXX Europe 600;EU0009658202;509674;;SGN.WA;SYGNITY SA;PL;PLN;Warsaw SE;;;;failed liquidity criteria;;
20260901;SXXP;STOXX Europe 600;EU0009658202;NO60L2;;GENO.OL;GENERAL OCEANS B;NO;NOK;Oslo Bors;;;;failed liquidity criteria;;
20260901;SXXP;STOXX Europe 600;EU0009658202;SE206E;;NIVIb.ST;NIVIKA FASTIGHETER B;SE;SEK;NASDAQ Stockholm;;;;failed liquidity criteria;;
20260901;SXXP;STOXX Europe 600;EU0009658202;434777;;FRLr.AT;FOURLIS HLDG;GR;EUR;ATHENS SE;;;;failed liquidity criteria;;
20260901;SXXP;STOXX Europe 600;EU0009658202;SE702F;;FEOIb.ST;FENIX OUTDOOR INTL;SE;SEK;NASDAQ Stockholm;;;;failed liquidity criteria;;
20260901;SXXP;STOXX Europe 600;EU0009658202;BE301T;;BPOST.BR;BPOST SA;BE;EUR;Euronext Brussels;;;;failed liquidity criteria;;
20260901;SXXP;STOXX Europe 600;EU0009658202;SE00EK;;VNV.ST;VNV GLOBAL;SE;SEK;NASDAQ Stockholm;;;;failed liquidity criteria;;
20260901;SXXP;STOXX Europe 600;EU0009658202;B010YD;;GTCP.WA;GTC;PL;PLN;Warsaw SE;;;;failed liquidity criteria;;
20260901;SXXP;STOXX Europe 600;EU0009658202;GR60HU;;REALCONSr.AT;REAL CONSULTING;GR;EUR;ATHENS SE;;;;failed liquidity criteria;;
20260901;SXXP;STOXX Europe 600;EU0009658202;GR60GT;;QLCOr.AT;QUALCO GROUP;GR;EUR;ATHENS SE;;;;failed liquidity criteria;;
20260901;SXXP;STOXX Europe 600;EU0009658202;SE20DL;;KEOC.ST;KEO CAPITAL;SE;SEK;NASDAQ Stockholm;;;;failed liquidity criteria;;
20260901;SXXP;STOXX Europe 600;EU0009658202;NO10ZB;;BEWI.OL;BEWI;NO;NOK;Oslo Bors;;;;failed liquidity criteria;;
20260901;SXXP;STOXX Europe 600;EU0009658202;PL00HR;;OPN.WA;OPONEO PL SERIES A B;PL;PLN;Warsaw SE;;;;failed liquidity criteria;;
20260901;SXXP;STOXX Europe 600;EU0009658202;SE39M4;;SFAST.ST;STENHUS FASTIGHETER I NORDEN;SE;SEK;NASDAQ Stockholm;;;;failed liquidity criteria;;
20260901;SXXP;STOXX Europe 600;EU0009658202;NO60R8;;DFENS.OL;FJORD DEFENCE GROUP;NO;NOK;Oslo Bors;;;;failed liquidity criteria;;
20260901;SXXP;STOXX Europe 600;EU0009658202;NO803M;;NRC.OL;NRC GROUP;NO;NOK;Oslo Bors;;;;failed liquidity criteria;;
20260901;SXXP;STOXX Europe 600;EU0009658202;NO60DU;;ACR.OL;AXACTOR;NO;NOK;Oslo Bors;;;;failed liquidity criteria;;
20260901;SXXP;STOXX Europe 600;EU0009658202;GR607K;;EKTr.AT;EKTER;GR;EUR;ATHENS SE;;;;failed liquidity criteria;;
20260901;SXXP;STOXX Europe 600;EU0009658202;PL30GT;;ELT.WA;ELEKTROTIM;PL;PLN;Warsaw SE;;;;failed liquidity criteria;;
20260901;SXXP;STOXX Europe 600;EU0009658202;SE503E;;DUST.ST;DUSTIN GROUP;SE;SEK;NASDAQ Stockholm;;;;failed liquidity criteria;;
20260901;SXXP;STOXX Europe 600;EU0009658202;NO50AQ;;IWS.OL;INTEGRATED WIND SOLUTIONS;NO;NOK;Oslo Bors;;;;failed liquidity criteria;;
20260901;SXXP;STOXX Europe 600;EU0009658202;B13WZ2;;ZUMV.VI;ZUMTOBEL;AT;EUR;Wiener Boerse AG;;;;failed liquidity criteria;;
20260901;SXXP;STOXX Europe 600;EU0009658202;GR11MV;;LPHr.AT;LAVIPHARM CR;GR;EUR;ATHENS SE;;;;failed liquidity criteria;;
20260901;SXXP;STOXX Europe 600;EU0009658202;PL606M;;GNSP.WA;NIEWIADOW POLSKA GRUPA MILITARNA;PL;PLN;Warsaw SE;;;;failed liquidity criteria;;
20260901;SXXP;STOXX Europe 600;EU0009658202;PL11U6;;HUGP.WA;HUUUGE;PL;PLN;Warsaw SE;;;;failed liquidity criteria;;
20260901;SXXP;STOXX Europe 600;EU0009658202;PL909S;;TENP.WA;TEN SQUARE GAMES;PL;PLN;Warsaw SE;;;;failed liquidity criteria;;
20260901;SXXP;STOXX Europe 600;EU0009658202;GR606J;;DIMANDr.AT;DIMAND SC.ANYME.FOR RLST.CNUT.;GR;EUR;ATHENS SE;;;;failed liquidity criteria;;
20260901;SXXP;STOXX Europe 600;EU0009658202;SE204C;;KLARAb.ST;KLARABO SVERIGE B;SE;SEK;NASDAQ Stockholm;;;;failed liquidity criteria;;
20260901;SXXP;STOXX Europe 600;EU0009658202;PT301M;;SNC.LS;SONAE COM LIMITED DATA;PT;EUR;Euronext Lisbon;;;;failed liquidity criteria;;
20260901;SXXP;STOXX Europe 600;EU0009658202;NO40JY;;REACH.OL;REACH SUBSEA;NO;NOK;Oslo Bors;;;;failed liquidity criteria;;
20260901;SXXP;STOXX Europe 600;EU0009658202;GR602F;;AEMr.AT;ALTER EGO MEDIA;GR;EUR;ATHENS SE;;;;failed liquidity criteria;;
20260901;SXXP;STOXX Europe 600;EU0009658202;NO203G;;AURG.OL;AURSKOG SPAREBANK;NO;NOK;Oslo Bors;;;;failed liquidity criteria;;
20260901;SXXP;STOXX Europe 600;EU0009658202;NO10IU;;OTEC.OL;OTELLO CORP ASA;NO;NOK;Oslo Bors;;;;failed liquidity criteria;;
20260901;SXXP;STOXX Europe 600;EU0009658202;NO11FS;;NKR.OL;NEKKAR;NO;NOK;Oslo Bors;;;;failed liquidity criteria;;
20260901;SXXP;STOXX Europe 600;EU0009658202;718762;;ORRON.ST;ORRON ENERGY;SE;SEK;NASDAQ Stockholm;;;;failed liquidity criteria;;
20260901;SXXP;STOXX Europe 600;EU0009658202;PL703K;;CLNP.WA;CELON PHARMA;PL;PLN;Warsaw SE;;;;failed liquidity criteria;;
20260901;SXXP;STOXX Europe 600;EU0009658202;NO20HU;;NYKD.OL;NYKODE THERAPEUTICS;NO;NOK;Oslo Bors;;;;failed liquidity criteria;;
20260901;SXXP;STOXX Europe 600;EU0009658202;PL60AQ;;REX1.WA;REX CONCEPTS;PL;PLN;Warsaw SE;;;;failed liquidity criteria;;
20260901;SXXP;STOXX Europe 600;EU0009658202;PL00MW;;UNTP.WA;UNIMOT;PL;PLN;Warsaw SE;;;;failed liquidity criteria;;
20260901;SXXP;STOXX Europe 600;EU0009658202;NO60FW;;APR.OL;APPEAR;NO;NOK;Oslo Bors;;;;failed liquidity criteria;;
20260901;SXXP;STOXX Europe 600;EU0009658202;598449;;KGN.WA;KOGENERACJA;PL;PLN;Warsaw SE;;;;failed liquidity criteria;;
20260901;SXXP;STOXX Europe 600;EU0009658202;SE14Q1;;FG.ST;FASADGRUPPEN GROUP;SE;SEK;NASDAQ Stockholm;;;;failed liquidity criteria;;
20260901;SXXP;STOXX Europe 600;EU0009658202;NO00FQ;;AZT.OL;ARCTICZYMES TECHNOLOGIES;NO;NOK;Oslo Bors;;;;failed liquidity criteria;;
20260901;SXXP;STOXX Europe 600;EU0009658202;774550;;SKA.WA;SNIEZKA;PL;PLN;Warsaw SE;;;;failed liquidity criteria;;
20260901;SXXP;STOXX Europe 600;EU0009658202;FI1198;;HKFOODS.HE;HKFOODS A;FI;EUR;NASDAQ Helsinki;;;;failed liquidity criteria;;
20260901;SXXP;STOXX Europe 600;EU0009658202;B0BV8T;;DCR.WA;DECORA;PL;PLN;Warsaw SE;;;;failed liquidity criteria;;
20260901;SXXP;STOXX Europe 600;EU0009658202;B064B9;;EUR.WA;EUROCASH;PL;PLN;Warsaw SE;;;;failed liquidity criteria;;
20260901;SXXP;STOXX Europe 600;EU0009658202;FI001Y;;MUSTI.HE;MUSTI GROUP PLC;FI;EUR;NASDAQ Helsinki;;;;failed liquidity criteria;;
20260901;SXXP;STOXX Europe 600;EU0009658202;NO20BO;;AQUA.OL;AQUALIS;NO;NOK;Oslo Bors;;;;failed liquidity criteria;;
20260901;SXXP;STOXX Europe 600;EU0009658202;SE13T3;;PCELL.ST;POWERCELL SWEDEN;SE;SEK;NASDAQ Stockholm;;;;failed liquidity criteria;;
20260901;SXXP;STOXX Europe 600;EU0009658202;SE20KS;;SYNACT.ST;SYNACT PHARMA;SE;SEK;NASDAQ Stockholm;;;;failed liquidity criteria;;
20260901;SXXP;STOXX Europe 600;EU0009658202;PL608O;;SCW.WA;SCANWAY;PL;PLN;Warsaw SE;;;;failed liquidity criteria;;
20260901;SXXP;STOXX Europe 600;EU0009658202;704967;;MCI.WA;MCI CAPITAL;PL;PLN;Warsaw SE;;;;failed liquidity criteria;;
20260901;SXXP;STOXX Europe 600;EU0009658202;PL906P;;PCR.WA;PCC ROKITA;PL;PLN;Warsaw SE;;;;failed liquidity criteria;;
20260901;SXXP;STOXX Europe 600;EU0009658202;PL90GZ;;SLV1.WA;SELVITA;PL;PLN;Warsaw SE;;;;failed liquidity criteria;;
20260901;SXXP;STOXX Europe 600;EU0009658202;PL00JT;;QRS.WA;QUERCUS;PL;PLN;Warsaw SE;;;;failed liquidity criteria;;
20260901;SXXP;STOXX Europe 600;EU0009658202;NO508O;;SNOR.OL;SPAREBANK 1 NORDMORE;NO;NOK;Oslo Bors;;;;failed liquidity criteria;;
20260901;SXXP;STOXX Europe 600;EU0009658202;GR608L;;EVROr.AT;EVROPI HOLDINGS SOCIETE ANONYME;GR;EUR;ATHENS SE;;;;failed liquidity criteria;;
20260901;SXXP;STOXX Europe 600;EU0009658202;PL309M;;BCXP.WA;BIOCELTIX;PL;PLN;Warsaw SE;;;;failed liquidity criteria;;
20260901;SXXP;STOXX Europe 600;EU0009658202;NO20AN;;OTL.OL;ODFJELL TECHNOLOGY;NO;NOK;Oslo Bors;;;;failed liquidity criteria;;
20260901;SXXP;STOXX Europe 600;EU0009658202;540805;;WWL.WA;WAWEL;PL;PLN;Warsaw SE;;;;failed liquidity criteria;;
20260901;SXXP;STOXX Europe 600;EU0009658202;FI11ED;;DIGIA.HE;DIGIA;FI;EUR;NASDAQ Helsinki;;;;failed liquidity criteria;;
20260901;SXXP;STOXX Europe 600;EU0009658202;530717;;STP.WA;STALPRODUKT;PL;PLN;Warsaw SE;;;;failed liquidity criteria;;
20260901;SXXP;STOXX Europe 600;EU0009658202;NO50BR;;VVL.OL;VOSS VEKSEL- OG LANDMANDSBANK;NO;NOK;Oslo Bors;;;;failed liquidity criteria;;
20260901;SXXP;STOXX Europe 600;EU0009658202;PL90AT;;VGOP.WA;Vigo Photonics SA;PL;PLN;Warsaw SE;;;;failed liquidity criteria;;
20260901;SXXP;STOXX Europe 600;EU0009658202;GR60JW;;TRESTATESr.AT;TRD.ESTS.REIT.CO.;GR;EUR;ATHENS SE;;;;failed liquidity criteria;;
20260901;SXXP;STOXX Europe 600;EU0009658202;516772;;SNK.WA;SANOK;PL;PLN;Warsaw SE;;;;failed liquidity criteria;;
20260901;SXXP;STOXX Europe 600;EU0009658202;NO40HW;;PNOR.OL;PETRONOR E&P;NO;NOK;Oslo Bors;;;;failed liquidity criteria;;
20260901;SXXP;STOXX Europe 600;EU0009658202;GR301B;;OLTr.AT;THESSALONIKI PORT AUTHORITY;GR;EUR;ATHENS SE;;;;failed liquidity criteria;;
20260901;SXXP;STOXX Europe 600;EU0009658202;GR136H;;THRr.AT;THRACE PLSTC.HLDG.&. COML.SC.ANYME.;GR;EUR;ATHENS SE;;;;failed liquidity criteria;;
20260901;SXXP;STOXX Europe 600;EU0009658202;PL10R2;;DADP.WA;DADELO;PL;PLN;Warsaw SE;;;;failed liquidity criteria;;
20260901;SXXP;STOXX Europe 600;EU0009658202;PL10OZ;;CTXP.WA;CAPTOR THERAPEUTICS;PL;PLN;Warsaw SE;;;;failed liquidity criteria;;
20260901;SXXP;STOXX Europe 600;EU0009658202;561831;;AGOP.WA;AGORA;PL;PLN;Warsaw SE;;;;failed liquidity criteria;;
20260901;SXXP;STOXX Europe 600;EU0009658202;PL603J;;S2BP.WA;SYN2BIO;PL;PLN;Warsaw SE;;;;failed liquidity criteria;;
20260901;SXXP;STOXX Europe 600;EU0009658202;PL401F;;PKPP.WA;PKP CARGO;PL;PLN;Warsaw SE;;;;failed liquidity criteria;;
20260901;SXXP;STOXX Europe 600;EU0009658202;NO14EU;;POL.OL;POLARIS MEDIA;NO;NOK;Oslo Bors;;;;failed liquidity criteria;;
20260901;SXXP;STOXX Europe 600;EU0009658202;SE2019;;CATb.ST;CATELLA B;SE;SEK;NASDAQ Stockholm;;;;failed liquidity criteria;;
20260901;SXXP;STOXX Europe 600;EU0009658202;NO60HY;;DELIA.OL;DELLIA GROUP;NO;NOK;Oslo Bors;;;;failed liquidity criteria;;
20260901;SXXP;STOXX Europe 600;EU0009658202;PL301E;;ZEEP.WA;ZESPOL ELEKTROWNI PAK;PL;PLN;Warsaw SE;;;;failed liquidity criteria;;
20260901;SXXP;STOXX Europe 600;EU0009658202;PL405J;;BLOP.WA;BLOOBER TEAM;PL;PLN;Warsaw SE;;;;failed liquidity criteria;;
20260901;SXXP;STOXX Europe 600;EU0009658202;PL908R;;PLWP.WA;PLAYWAY;PL;PLN;Warsaw SE;;;;failed liquidity criteria;;
20260901;SXXP;STOXX Europe 600;EU0009658202;420535;;HELr.AT;ELLAKTOR;GR;EUR;ATHENS SE;;;;failed liquidity criteria;;
20260901;SXXP;STOXX Europe 600;EU0009658202;EW054;;LWBP.WA;BOGDANKA;PL;PLN;Warsaw SE;;;;failed liquidity criteria;;
20260901;SXXP;STOXX Europe 600;EU0009658202;PL802K;;11B.WA;11 BIT STUDIOS;PL;PLN;Warsaw SE;;;;failed liquidity criteria;;
20260901;SXXP;STOXX Europe 600;EU0009658202;PL00EO;;CIG.WA;CI GAMES;PL;PLN;Warsaw SE;;;;failed liquidity criteria;;
20260901;SXXP;STOXX Europe 600;EU0009658202;591913;;BORY.WA;BORYSZEW;PL;PLN;Warsaw SE;;;;failed liquidity criteria;;
20260901;SXXP;STOXX Europe 600;EU0009658202;GR60CP;;NOVALr.AT;NOVAL PR.REIT.CO.;GR;EUR;ATHENS SE;;;;failed liquidity criteria;;
20260901;SXXP;STOXX Europe 600;EU0009658202;PL10JU;;TOYA.WA;TOYA;PL;PLN;Warsaw SE;;;;failed liquidity criteria;;
20260901;SXXP;STOXX Europe 600;EU0009658202;GR605I;;BRIQr.AT;BRIQ PROPERTIES;GR;EUR;ATHENS SE;;;;failed liquidity criteria;;
20260901;SXXP;STOXX Europe 600;EU0009658202;EW031;;KER.WA;KERNEL HLDG;PL;PLN;Warsaw SE;;;;failed liquidity criteria;;
20260901;SXXP;STOXX Europe 600;EU0009658202;PL804M;;RVU.WA;RYVU THERAPEUTICS;PL;PLN;Warsaw SE;;;;failed liquidity criteria;;
20260901;SXXP;STOXX Europe 600;EU0009658202;EW036;;ASTH.WA;ASTARTA HOLDING;PL;PLN;Warsaw SE;;;;failed liquidity criteria;;
20260901;SXXP;STOXX Europe 600;EU0009658202;NO20LY;;NOL.OL;NORTHERN OCEAN;NO;NOK;Oslo Bors;;;;failed liquidity criteria;;
20260901;SXXP;STOXX Europe 600;EU0009658202;EW026;;BOSP.WA;BANK OCHRONY SRODOWISKA;PL;PLN;Warsaw SE;;;;failed liquidity criteria;;
20260901;SXXP;STOXX Europe 600;EU0009658202;PT403P;;NBA.LS;NOVABASE;PT;EUR;Euronext Lisbon;;;;failed liquidity criteria;;
20260901;SXXP;STOXX Europe 600;EU0009658202;GR60IV;;PREr.AT;TRASTOR REAL ESTATE;GR;EUR;ATHENS SE;;;;failed liquidity criteria;;
20260901;SXXP;STOXX Europe 600;EU0009658202;GR60ER;;PREFr.AT;PERF.TECHS.IT SOLUTIONS;GR;EUR;ATHENS SE;;;;failed liquidity criteria;;
20260901;SXXP;STOXX Europe 600;EU0009658202;PL308L;;SCPP.WA;SCOPE FLUIDICS;PL;PLN;Warsaw SE;;;;failed liquidity criteria;;
20260901;SXXP;STOXX Europe 600;EU0009658202;PL003D;;AMCP.WA;AMICA;PL;PLN;Warsaw SE;;;;failed liquidity criteria;;
20260901;SXXP;STOXX Europe 600;EU0009658202;PL403H;;MDG.WA;MEDICALGORITHMICS;PL;PLN;Warsaw SE;;;;failed liquidity criteria;;
20260901;SXXP;STOXX Europe 600;EU0009658202;EW037;;ACT.WA;ACTION;PL;PLN;Warsaw SE;;;;failed liquidity criteria;;
20260901;SXXP;STOXX Europe 600;EU0009658202;GR603G;;ADPSr.AT;ATTICA DEPARTMENT STORES;GR;EUR;ATHENS SE;;;;failed liquidity criteria;;
20260901;SXXP;STOXX Europe 600;EU0009658202;456453;;MSZ.WA;MOSTOSTAL ZABRZE;PL;PLN;Warsaw SE;;;;failed liquidity criteria;;
20260901;SXXP;STOXX Europe 600;EU0009658202;PL10GR;;UNIP.WA;UNIBEP;PL;PLN;Warsaw SE;;;;failed liquidity criteria;;
20260901;SXXP;STOXX Europe 600;EU0009658202;PL10Q1;;CRJ.WA;CREEPY JAR;PL;PLN;Warsaw SE;;;;failed liquidity criteria;;
20260901;SXXP;STOXX Europe 600;EU0009658202;GR60DQ;;ORILINAr.AT;ORILINA PROPS.REIT. CO.;GR;EUR;ATHENS SE;;;;failed liquidity criteria;;
20260901;SXXP;STOXX Europe 600;EU0009658202;467620;;PHRA.LS;PHAROL;PT;EUR;Euronext Lisbon;;;;failed liquidity criteria;;
20260901;SXXP;STOXX Europe 600;EU0009658202;PL11R3;;VOT.WA;VOTUM SA;PL;PLN;Warsaw SE;;;;failed liquidity criteria;;
20260901;SXXP;STOXX Europe 600;EU0009658202;PL609P;;ARL1.WA;ARLEN;PL;PLN;Warsaw SE;;;;failed liquidity criteria;;
20260901;SXXP;STOXX Europe 600;EU0009658202;GR60AN;;INLIFr.AT;INTERLIFE INSURANCE;GR;EUR;ATHENS SE;;;;failed liquidity criteria;;
20260901;SXXP;STOXX Europe 600;EU0009658202;PL11O0;;SELP.WA;SELENA FM SR.B I C;PL;PLN;Warsaw SE;;;;failed liquidity criteria;;
20260901;SXXP;STOXX Europe 600;EU0009658202;507172;;FTEP.WA;GRUPA FORTE;PL;PLN;Warsaw SE;;;;failed liquidity criteria;;
20260901;SXXP;STOXX Europe 600;EU0009658202;EW064;;WLTP.WA;WIELTON;PL;PLN;Warsaw SE;;;;failed liquidity criteria;;
20260901;SXXP;STOXX Europe 600;EU0009658202;PL00DN;;MRCP.WA;MERCATOR MEDICAL;PL;PLN;Warsaw SE;;;;failed liquidity criteria;;
20260901;SXXP;STOXX Europe 600;EU0009658202;GR609M;;FAISr.AT;FAIS HOLDING;GR;EUR;ATHENS SE;;;;failed liquidity criteria;;
20260901;SXXP;STOXX Europe 600;EU0009658202;PL20CO;;IMC.WA;IMC;PL;PLN;Warsaw SE;;;;failed liquidity criteria;;
20260901;SXXP;STOXX Europe 600;EU0009658202;425229;;DBC.WA;FIRMA OPONIARSKA DEBICA;PL;PLN;Warsaw SE;;;;failed liquidity criteria;;
20260901;SXXP;STOXX Europe 600;EU0009658202;PL90CV;;AMB.WA;AMBRA;PL;PLN;Warsaw SE;;;;failed liquidity criteria;;
20260901;SXXP;STOXX Europe 600;EU0009658202;484787;;STXPP.WA;STALEXPORT AUTOSTRADY;PL;PLN;Warsaw SE;;;;failed liquidity criteria;;
20260901;SXXP;STOXX Europe 600;EU0009658202;PL00AK;;SVEP.WA;SYNTHAVERSE;PL;PLN;Warsaw SE;;;;failed liquidity criteria;;
20260901;SXXP;STOXX Europe 600;EU0009658202;PL11MY;;ONDP.WA;ONDE;PL;PLN;Warsaw SE;;;;failed liquidity criteria;;
20260901;SXXP;STOXX Europe 600;EU0009658202;PL90BU;;MGTP.WA;MANGATA HOLDING;PL;PLN;Warsaw SE;;;;failed liquidity criteria;;
20260901;SXXP;STOXX Europe 600;EU0009658202;B04NK9;;RWLP.WA;RAWLPLUG;PL;PLN;Warsaw SE;;;;failed liquidity criteria;;
20260901;SXXP;STOXX Europe 600;EU0009658202;EW060;;ATC.WA;ARCTIC PAPER;PL;PLN;Warsaw SE;;;;failed liquidity criteria;;
20260901;SXXP;STOXX Europe 600;EU0009658202;B0JSHP;;PCE.WA;POLICE;PL;PLN;Warsaw SE;;;;failed liquidity criteria;;
20260901;SXXP;STOXX Europe 600;EU0009658202;PL10MX;;ANRP.WA;ANSWEAR COM;PL;PLN;Warsaw SE;;;;failed liquidity criteria;;
20260901;SXXP;STOXX Europe 600;EU0009658202;PL901K;;ACGP.WA;AC AUTOGAZ;PL;PLN;Warsaw SE;;;;failed liquidity criteria;;
20260901;SXXP;STOXX Europe 600;EU0009658202;PL11EQ;;ARTP.WA;ARTIFEX MUNDI;PL;PLN;Warsaw SE;;;;failed liquidity criteria;;
20260901;SXXP;STOXX Europe 600;EU0009658202;PL50GV;;ATRP.WA;ATREM;PL;PLN;Warsaw SE;;;;failed liquidity criteria;;
20260901;SXXP;STOXX Europe 600;EU0009658202;B06WK7;;BIOP.WA;BIOTON;PL;PLN;Warsaw SE;;;;failed liquidity criteria;;
20260901;SXXP;STOXX Europe 600;EU0009658202;EW058;;INK.WA;INSTAL KRAKOW;PL;PLN;Warsaw SE;;;;failed liquidity criteria;;
20260901;SXXP;STOXX Europe 600;EU0009658202;PL30BO;;ODL.WA;ODLEWNIE POLSKIE;PL;PLN;Warsaw SE;;;;failed liquidity criteria;;
20260901;SXXP;STOXX Europe 600;EU0009658202;PL305I;;PHN.WA;PHN;PL;PLN;Warsaw SE;;;;failed liquidity criteria;;
20260901;SXXP;STOXX Europe 600;EU0009658202;777350;;ATGP.WA;ATM GRUPA;PL;PLN;Warsaw SE;;;;failed liquidity criteria;;
20260901;SXXP;STOXX Europe 600;EU0009658202;EW048;;TRKP.WA;TRAKCJA;PL;PLN;Warsaw SE;;;;failed liquidity criteria;;
20260901;SXXP;STOXX Europe 600;EU0009658202;EW027;;ERB.WA;ERBUD;PL;PLN;Warsaw SE;;;;failed liquidity criteria;;
20260901;SXXP;STOXX Europe 600;EU0009658202;PL602I;;NCLP.WA;NOCTILUCA;PL;PLN;Warsaw SE;;;;failed liquidity criteria;;
20260901;SXXP;STOXX Europe 600;EU0009658202;PL120D;;BMCP.WA;BUMECH;PL;PLN;Warsaw SE;;;;failed liquidity criteria;;
20260901;SXXP;STOXX Europe 600;EU0009658202;PL30DQ;;XTP.WA;XTPL;PL;PLN;Warsaw SE;;;;failed liquidity criteria;;
20260901;SXXP;STOXX Europe 600;EU0009658202;PL30ER;;SWG.WA;SECO/WARWICK;PL;PLN;Warsaw SE;;;;failed liquidity criteria;;
20260901;SXXP;STOXX Europe 600;EU0009658202;PL607N;;OMLP.WA;ONE MORE LEVEL;PL;PLN;Warsaw SE;;;;failed liquidity criteria;;
20260901;SXXP;STOXX Europe 600;EU0009658202;PL10HS;;MOCP.WA;MOLECURE;PL;PLN;Warsaw SE;;;;failed liquidity criteria;;
20260901;SXXP;STOXX Europe 600;EU0009658202;PL11GS;;CAVP.WA;CAVATINA HOLDING CERT;PL;PLN;Warsaw SE;;;;failed liquidity criteria;;
20260901;SXXP;STOXX Europe 600;EU0009658202;PL11P1;;SKH1.WA;SKARBIEC HOLDING;PL;PLN;Warsaw SE;;;;failed liquidity criteria;;
20260901;SXXP;STOXX Europe 600;EU0009658202;PL20BN;;WTN.WA;WITTCHEN;PL;PLN;Warsaw SE;;;;failed liquidity criteria;;
20260901;SXXP;STOXX Europe 600;EU0009658202;EW015;;WASP.WA;WASKO;PL;PLN;Warsaw SE;;;;failed liquidity criteria;;
20260901;SXXP;STOXX Europe 600;EU0009658202;PL503I;;MABP.WA;MABION;PL;PLN;Warsaw SE;;;;failed liquidity criteria;;
20260901;SXXP;STOXX Europe 600;EU0009658202;PL30CP;;SPRP.WA;SPYROSOFT;PL;PLN;Warsaw SE;;;;failed liquidity criteria;;
20260901;SXXP;STOXX Europe 600;EU0009658202;PL11T5;;ALL1.WA;AILLERON;PL;PLN;Warsaw SE;;;;failed liquidity criteria;;
20260901;SXXP;STOXX Europe 600;EU0009658202;PL50HW;;DEK.WA;DEKPOL;PL;PLN;Warsaw SE;;;;failed liquidity criteria;;
20260901;SXXP;STOXX Europe 600;EU0009658202;PL408M;;RNKP.WA;RANK PROGRESS;PL;PLN;Warsaw SE;;;;failed liquidity criteria;;
20260901;SXXP;STOXX Europe 600;EU0009658202;PL121E;;IFI.WA;IFIRMA;PL;PLN;Warsaw SE;;;;failed liquidity criteria;;
20260901;SXXP;STOXX Europe 600;EU0009658202;PL907Q;;PBX.WA;PEKABEX;PL;PLN;Warsaw SE;;;;failed liquidity criteria;;
20260901;SXXP;STOXX Europe 600;EU0009658202;PL20EQ;;GRNP.WA;GRODNO;PL;PLN;Warsaw SE;;;;failed liquidity criteria;;
20260901;SXXP;STOXX Europe 600;EU0009658202;DE5073;;ADJ.DE;ADLER GROUP;DE;EUR;XETRA;;;;failed liquidity criteria;;
